"","entry_exit_provider_program_type_code","ee_uid","client_id","recordset_id_4749_recordset_id","start_date_4750","a_history_of_housing_and_homelessness_4824","b_risks_4825","c_socialization_daily_functions_4826","d_wellness_4827","e_family_unit_4828","pre_survey_4823","grand_total_4829","date_added_4749_date_added"
"1","PH - Housing with services (no disability required for entry) (HUD)",801532,428532,3940235,"5/31/2016",0,1,1,0,3,1,6,"6/15/2016"
"2","PH - Housing with services (no disability required for entry) (HUD)",814677,434316,4106486,"7/27/2016",1,0,3,2,3,1,10,"7/27/2016"
"3","PH - Housing with services (no disability required for entry) (HUD)",816321,338215,4077541,"7/20/2016",0,2,3,2,2,1,10,"7/20/2016"
"4","PH - Housing with services (no disability required for entry) (HUD)",835129,337450,4623957,"12/5/2016",0,0,2,1,2,1,6,"12/5/2016"
"5","PH - Housing with services (no disability required for entry) (HUD)",842433,441615,4443736,"10/19/2016",0,1,2,1,1,1,6,"10/19/2016"
"6","PH - Housing with services (no disability required for entry) (HUD)",845294,395339,4075573,"7/20/2016",2,1,2,2,2,1,10,"7/20/2016"
"7","PH - Rapid Re-Housing (HUD)",801438,430990,3935044,"6/14/2016",2,0,2,0,1,1,6,"6/14/2016"
"8","PH - Rapid Re-Housing (HUD)",809351,437030,4253649,"8/29/2016",1,1,1,0,1,1,5,"8/29/2016"
"9","PH - Rapid Re-Housing (HUD)",814657,422595,4257974,"8/30/2016",1,1,1,1,0,1,5,"8/30/2016"
"10","PH - Rapid Re-Housing (HUD)",814666,427917,3926296,"5/31/2016",0,1,1,1,1,1,5,"6/10/2016"
"11","PH - Rapid Re-Housing (HUD)",815850,388723,4288906,"9/8/2016",2,0,0,1,1,1,5,"9/8/2016"
"12","PH - Rapid Re-Housing (HUD)",815905,433546,4064524,"7/18/2016",1,0,1,1,0,1,4,"7/18/2016"
"13","PH - Rapid Re-Housing (HUD)",815940,436345,4215939,"8/19/2016",2,0,2,0,0,1,5,"8/19/2016"
"14","PH - Rapid Re-Housing (HUD)",816971,308532,4018860,"7/8/2016",2,0,2,0,1,0,5,"7/8/2016"
"15","PH - Rapid Re-Housing (HUD)",818809,433785,4078105,"7/20/2016",0,0,2,1,0,1,4,"7/20/2016"
"16","PH - Rapid Re-Housing (HUD)",823447,440491,4401692,"10/7/2016",1,0,1,0,1,1,4,"10/7/2016"
"17","PH - Rapid Re-Housing (HUD)",829732,377681,4569235,"11/17/2016",1,0,2,1,1,1,6,"11/17/2016"
"18","PH - Rapid Re-Housing (HUD)",833892,445168,4619626,"12/2/2016",1,0,2,0,0,1,4,"12/2/2016"
"19","PH - Rapid Re-Housing (HUD)",835881,443244,4519322,"11/4/2016",1,1,2,0,0,1,5,"11/4/2016"
"20","PH - Rapid Re-Housing (HUD)",842456,441090,4424034,"10/13/2016",0,1,2,0,1,1,5,"10/13/2016"
"21","PH - Rapid Re-Housing (HUD)",919293,426592,3926821,"6/10/2016",0,0,1,1,2,1,5,"6/10/2016"
"22","PH - Rapid Re-Housing (HUD)",968116,437218,4262737,"8/31/2016",1,1,2,0,0,1,5,"8/31/2016"
"23","PH - Rapid Re-Housing (HUD)",968360,419540,3926078,"6/4/2016",0,0,4,2,3,0,9,"6/10/2016"
"24","PH - Rapid Re-Housing (HUD)",801461,435013,4142584,"8/4/2016",2,0,2,0,0,1,5,"8/4/2016"
"25","PH - Rapid Re-Housing (HUD)",814596,436213,4205771,"8/18/2016",1,2,2,2,2,1,10,"8/18/2016"
"26","PH - Rapid Re-Housing (HUD)",814715,434554,4124039,"7/29/2016",1,0,0,1,1,1,4,"7/29/2016"
"27","PH - Rapid Re-Housing (HUD)",815202,434628,4128171,"8/1/2016",2,3,1,2,1,1,10,"8/1/2016"
"28","PH - Rapid Re-Housing (HUD)",815885,434524,4122098,"7/29/2016",1,0,1,1,1,1,5,"7/29/2016"
"29","PH - Rapid Re-Housing (HUD)",815890,388270,4042125,"7/13/2016",1,4,1,2,3,1,12,"7/13/2016"
"30","PH - Rapid Re-Housing (HUD)",816307,375417,3969883,"6/24/2016",1,0,1,1,3,1,7,"6/24/2016"
"31","PH - Rapid Re-Housing (HUD)",816307,375417,4008709,"7/6/2016",2,2,2,5,2,1,14,"7/6/2016"
"32","PH - Rapid Re-Housing (HUD)",816313,431501,3954834,"6/20/2016",1,0,0,1,2,1,5,"6/20/2016"
"33","PH - Rapid Re-Housing (HUD)",816334,408618,4225670,"8/22/2016",1,0,2,4,0,1,8,"8/22/2016"
"34","PH - Rapid Re-Housing (HUD)",816625,439767,4379760,"10/3/2016",2,0,1,0,1,0,4,"10/3/2016"
"35","PH - Rapid Re-Housing (HUD)",818167,431646,3960518,"6/21/2016",0,0,1,1,1,1,4,"6/21/2016"
"36","PH - Rapid Re-Housing (HUD)",822082,349130,4371197,"9/29/2016",1,0,3,1,2,1,8,"9/29/2016"
"37","PH - Rapid Re-Housing (HUD)",826980,282585,4495358,"10/31/2016",0,0,2,1,0,1,4,"10/31/2016"
"38","PH - Rapid Re-Housing (HUD)",835467,375417,3969883,"6/24/2016",1,0,1,1,3,1,7,"6/24/2016"
"39","PH - Rapid Re-Housing (HUD)",835467,375417,4008709,"7/6/2016",2,2,2,5,2,1,14,"7/6/2016"
"40","PH - Rapid Re-Housing (HUD)",837894,409192,4476008,"10/26/2016",1,0,1,1,1,1,5,"10/26/2016"
"41","PH - Rapid Re-Housing (HUD)",838779,443656,4540445,"11/9/2016",0,0,2,1,3,1,7,"11/9/2016"
"42","PH - Rapid Re-Housing (HUD)",864686,426293,4225287,"8/22/2016",1,1,2,3,0,0,7,"8/22/2016"
"43","Other (HUD)",696274,401608,4021454,"7/9/2016",2,4,4,2,4,1,17,"7/9/2016"
"44","Other (HUD)",771586,310617,3944882,"2/10/2016",1,0,2,1,3,1,8,"6/16/2016"
"45","Other (HUD)",774912,165463,6749240,"9/11/2018",2,3,3,5,4,1,18,"9/11/2018"
"46","Other (HUD)",776507,429478,4330812,"9/19/2016",2,4,4,6,2,1,19,"9/19/2016"
"47","Other (HUD)",808101,419327,3956495,"6/20/2016",2,2,1,3,2,1,11,"6/20/2016"
"48","Other (HUD)",839061,408508,3981677,"6/28/2016",2,4,4,6,3,0,19,"6/28/2016"
"49","Other (HUD)",839075,436237,5306437,"6/29/2017",1,2,2,2,2,1,10,"6/29/2017"
"50","Other (HUD)",854289,131836,5356698,"7/14/2017",1,2,3,3,2,1,12,"7/14/2017"
"51","Other (HUD)",791267,341399,4240846,"8/25/2016",1,0,1,2,2,1,7,"8/25/2016"
"52","PH - Rapid Re-Housing (HUD)",790151,412911,3894316,"6/2/2016",2,2,3,3,2,1,13,"6/2/2016"
"53","PH - Rapid Re-Housing (HUD)",790434,426496,3940553,"5/31/2016",0,1,3,1,3,1,9,"6/15/2016"
"54","PH - Rapid Re-Housing (HUD)",790513,428763,3931678,"5/25/2016",1,1,1,2,2,1,8,"6/13/2016"
"55","PH - Rapid Re-Housing (HUD)",793188,432166,3982482,"6/28/2016",1,1,3,1,4,1,11,"6/28/2016"
"56","PH - Rapid Re-Housing (HUD)",796980,433512,4063523,"7/18/2016",0,4,2,3,2,1,12,"7/18/2016"
"57","PH - Rapid Re-Housing (HUD)",801823,431548,3956544,"6/20/2016",2,1,3,2,1,1,10,"6/20/2016"
"58","PH - Rapid Re-Housing (HUD)",808090,436358,4216932,"8/19/2016",0,1,3,2,3,1,10,"8/19/2016"
"59","PH - Rapid Re-Housing (HUD)",811199,408508,3981677,"6/28/2016",2,4,4,6,3,0,19,"6/28/2016"
"60","PH - Rapid Re-Housing (HUD)",812550,436020,4191169,"8/16/2016",0,1,3,1,3,1,9,"8/16/2016"
"61","PH - Rapid Re-Housing (HUD)",816405,438227,4311079,"9/13/2016",0,0,1,0,0,0,1,"9/13/2016"
"62","PH - Rapid Re-Housing (HUD)",816613,434293,4285260,"9/7/2016",1,2,1,2,0,0,6,"9/7/2016"
"63","PH - Rapid Re-Housing (HUD)",817052,436643,4231774,"8/23/2016",2,4,3,2,3,1,15,"8/23/2016"
"64","PH - Rapid Re-Housing (HUD)",817804,384114,4334010,"9/20/2016",1,2,2,3,1,1,10,"9/20/2016"
"65","PH - Rapid Re-Housing (HUD)",818185,419969,4318101,"9/15/2016",1,0,3,1,0,1,6,"9/15/2016"
"66","PH - Rapid Re-Housing (HUD)",819592,433565,4064701,"7/18/2016",0,2,2,1,0,1,6,"7/18/2016"
"67","PH - Rapid Re-Housing (HUD)",820656,321415,4287092,"9/7/2016",1,0,2,1,1,1,6,"9/7/2016"
"68","PH - Rapid Re-Housing (HUD)",825131,439810,4379994,"10/3/2016",1,2,3,2,2,0,10,"10/3/2016"
"69","PH - Rapid Re-Housing (HUD)",825135,434862,4136855,"8/2/2016",0,3,1,1,3,1,9,"8/2/2016"
"70","PH - Rapid Re-Housing (HUD)",825412,440894,4416564,"10/12/2016",1,0,2,0,2,1,6,"10/12/2016"
"71","PH - Rapid Re-Housing (HUD)",827878,441210,4427962,"10/14/2016",1,0,2,0,1,1,5,"10/14/2016"
"72","PH - Rapid Re-Housing (HUD)",828312,427360,4295793,"9/9/2016",1,4,4,2,4,1,16,"9/9/2016"
"73","PH - Rapid Re-Housing (HUD)",828400,428684,4003702,"7/5/2016",1,1,2,2,0,1,7,"7/5/2016"
"74","PH - Rapid Re-Housing (HUD)",828419,433039,4029068,"7/11/2016",0,0,2,1,3,1,7,"7/11/2016"
"75","PH - Rapid Re-Housing (HUD)",829906,352559,4497240,"10/31/2016",1,0,3,0,1,0,5,"10/31/2016"
"76","PH - Rapid Re-Housing (HUD)",833855,307606,3931804,"6/13/2016",0,3,2,1,2,1,9,"6/13/2016"
"77","PH - Rapid Re-Housing (HUD)",833883,435047,4143847,"8/4/2016",1,0,0,2,1,0,4,"8/4/2016"
"78","PH - Rapid Re-Housing (HUD)",833883,435047,4525349,"11/7/2016",1,2,1,4,0,1,9,"11/7/2016"
"79","PH - Rapid Re-Housing (HUD)",834290,426293,4225287,"8/22/2016",1,1,2,3,0,0,7,"8/22/2016"
"80","PH - Rapid Re-Housing (HUD)",837447,442059,4461044,"10/24/2016",1,1,3,1,2,1,9,"10/24/2016"
"81","PH - Rapid Re-Housing (HUD)",837890,430468,3906207,"6/6/2016",1,1,1,2,3,1,9,"6/6/2016"
"82","PH - Rapid Re-Housing (HUD)",842459,411692,4662228,"12/16/2016",1,0,3,1,2,1,8,"12/16/2016"
"83","PH - Rapid Re-Housing (HUD)",845640,317940,4633640,"12/7/2016",0,3,2,3,3,1,12,"12/7/2016"
"84","PH - Rapid Re-Housing (HUD)",846102,392449,4626865,"12/6/2016",0,1,2,1,3,1,8,"12/6/2016"
"85","PH - Rapid Re-Housing (HUD)",853103,308535,3930314,"6/13/2016",2,2,3,2,2,1,12,"6/13/2016"
"86","PH - Rapid Re-Housing (HUD)",854230,429132,4495966,"10/31/2016",1,2,2,4,2,1,12,"10/31/2016"
"87","PH - Rapid Re-Housing (HUD)",865564,433262,4042911,"7/13/2016",1,1,2,1,1,1,7,"7/13/2016"
"88","PH - Rapid Re-Housing (HUD)",865564,433262,4521981,"11/4/2016",1,0,2,2,1,1,7,"11/4/2016"
"89","PH - Rapid Re-Housing (HUD)",866211,396213,3942819,"6/2/2016",1,1,0,1,2,1,6,"6/16/2016"
"90","PH - Rapid Re-Housing (HUD)",866211,396213,4466766,"10/25/2016",2,0,1,0,1,1,5,"10/25/2016"
"91","PH - Rapid Re-Housing (HUD)",878195,400990,4552784,"11/14/2016",0,0,2,1,2,1,6,"11/14/2016"
"92","PH - Rapid Re-Housing (HUD)",912742,443626,4539006,"11/9/2016",0,1,2,1,1,1,6,"11/9/2016"
"93","PH - Rapid Re-Housing (HUD)",928689,309588,4332030,"9/19/2016",1,1,2,2,3,1,10,"9/19/2016"
"94","PH - Rapid Re-Housing (HUD)",973953,439750,4379072,"10/3/2016",1,1,3,1,3,1,10,"10/3/2016"
"95","Homelessness Prevention (HUD)",805954,436691,4235338,"8/24/2016",2,0,2,0,1,0,5,"8/24/2016"
"96","PH - Rapid Re-Housing (HUD)",806521,418089,3944005,"2/23/2016",0,0,3,1,3,1,8,"6/16/2016"
"97","PH - Rapid Re-Housing (HUD)",817818,86314,4323513,"9/16/2016",1,3,2,2,2,1,11,"9/16/2016"
"98","PH - Rapid Re-Housing (HUD)",831010,394078,4534264,"11/8/2016",1,2,3,2,4,1,13,"11/8/2016"
"99","PH - Rapid Re-Housing (HUD)",835031,444079,4561954,"11/15/2016",2,0,2,1,0,1,6,"11/15/2016"
"100","PH - Rapid Re-Housing (HUD)",835797,444999,4610562,"11/30/2016",1,0,1,3,2,1,8,"11/30/2016"
"101","PH - Rapid Re-Housing (HUD)",836661,445021,4612087,"12/1/2016",1,1,1,1,1,0,5,"12/1/2016"
"102","Services Only (HUD)",425661,330790,4680280,"12/23/2016",1,0,0,0,0,1,2,"12/23/2016"
"103","Other (HUD)",826270,357033,3995546,"7/1/2016",1,0,1,1,2,1,6,"7/1/2016"
"104","Other (HUD)",827133,444079,4561954,"11/15/2016",2,0,2,1,0,1,6,"11/15/2016"
"105","Other (HUD)",827380,418089,3944005,"2/23/2016",0,0,3,1,3,1,8,"6/16/2016"
"106","Other (HUD)",828449,432059,3977392,"6/27/2016",1,1,1,3,2,1,9,"6/27/2016"
"107","Other (HUD)",828465,314561,4070100,"7/19/2016",1,0,2,1,0,1,5,"7/19/2016"
"108","Other (HUD)",828730,438565,4325609,"9/16/2016",0,2,3,0,1,0,6,"9/16/2016"
"109","Other (HUD)",828754,386543,3906446,"6/6/2016",2,0,3,3,2,1,11,"6/6/2016"
"110","Other (HUD)",836330,444999,4610562,"11/30/2016",1,0,1,3,2,1,8,"11/30/2016"
"111","Other (HUD)",842993,445021,4612087,"12/1/2016",1,1,1,1,1,0,5,"12/1/2016"
"112","Other (HUD)",843025,446610,4687309,"12/28/2016",1,1,1,0,2,1,6,"12/28/2016"
"113","Other (HUD)",859809,86314,4323513,"9/16/2016",1,3,2,2,2,1,11,"9/16/2016"
"114","Other (HUD)",876177,430648,3919921,"6/9/2016",1,1,1,0,2,1,6,"6/9/2016"
"115","Other (HUD)",888782,446146,4666275,"12/19/2016",1,2,2,3,1,1,10,"12/19/2016"
"116","Emergency Shelter (HUD)",809790,438033,4298223,"9/12/2016",1,0,2,1,2,0,6,"9/12/2016"
"117","Emergency Shelter (HUD)",769131,382146,4110464,"7/28/2016",2,0,1,2,1,1,7,"7/28/2016"
"118","Emergency Shelter (HUD)",783486,143260,3929894,"6/13/2016",2,2,1,1,1,1,8,"6/13/2016"
"119","Emergency Shelter (HUD)",661991,329571,3944218,"2/16/2016",1,0,0,0,2,1,4,"6/16/2016"
"120","Emergency Shelter (HUD)",688411,369606,4329400,"9/19/2016",2,1,3,4,1,1,12,"9/19/2016"
"121","Emergency Shelter (HUD)",690253,385908,4571485,"11/17/2016",1,1,1,0,0,0,3,"11/17/2016"
"122","Emergency Shelter (HUD)",694272,310617,3944882,"2/10/2016",1,0,2,1,3,1,8,"6/16/2016"
"123","Emergency Shelter (HUD)",695215,308188,3922305,"5/25/2016",1,3,3,4,4,1,16,"6/9/2016"
"124","Emergency Shelter (HUD)",708553,305209,3943734,"2/26/2016",1,1,2,1,1,1,7,"6/16/2016"
"125","Emergency Shelter (HUD)",713615,396213,3942819,"6/2/2016",1,1,0,1,2,1,6,"6/16/2016"
"126","Emergency Shelter (HUD)",713620,413887,3940879,"3/17/2016",1,0,1,0,0,1,3,"6/15/2016"
"127","Emergency Shelter (HUD)",715089,416982,3944812,"2/16/2016",1,1,2,2,3,1,10,"6/16/2016"
"128","Emergency Shelter (HUD)",727726,330339,3926614,"6/10/2016",0,1,1,2,0,1,5,"6/10/2016"
"129","Emergency Shelter (HUD)",730698,308327,3944854,"2/10/2016",0,1,2,2,1,1,7,"6/16/2016"
"130","Emergency Shelter (HUD)",731117,420445,3961187,"6/21/2016",1,1,2,2,2,1,9,"6/21/2016"
"131","Emergency Shelter (HUD)",739687,392105,3943786,"2/23/2016",1,0,1,2,1,0,5,"6/16/2016"
"132","Emergency Shelter (HUD)",743474,408171,3993960,"6/30/2016",1,0,1,0,1,1,4,"6/30/2016"
"133","Emergency Shelter (HUD)",745188,422938,3926822,"6/10/2016",0,1,0,0,1,1,3,"6/10/2016"
"134","Emergency Shelter (HUD)",746196,306836,3924853,"6/4/2016",1,2,3,3,3,0,12,"6/10/2016"
"135","Emergency Shelter (HUD)",749113,419540,3926078,"6/4/2016",0,0,4,2,3,0,9,"6/10/2016"
"136","Emergency Shelter (HUD)",756347,327867,3926823,"6/3/2016",0,0,1,0,2,1,4,"6/10/2016"
"137","Emergency Shelter (HUD)",760202,425579,3951012,"5/17/2016",0,1,0,1,0,1,3,"6/18/2016"
"138","Emergency Shelter (HUD)",760202,425579,4128315,"8/1/2016",0,0,0,0,1,1,2,"8/1/2016"
"139","Emergency Shelter (HUD)",763544,426053,3918595,"6/8/2016",0,1,0,0,1,0,2,"6/8/2016"
"140","Emergency Shelter (HUD)",764475,415727,3942947,"6/2/2016",0,1,1,2,1,1,6,"6/16/2016"
"141","Emergency Shelter (HUD)",766077,310617,3944882,"2/10/2016",1,0,2,1,3,1,8,"6/16/2016"
"142","Emergency Shelter (HUD)",766848,305637,3921575,"6/9/2016",1,3,3,3,4,1,15,"6/9/2016"
"143","Emergency Shelter (HUD)",767998,427064,3940821,"6/2/2016",0,0,0,0,1,0,1,"6/15/2016"
"144","Emergency Shelter (HUD)",769028,427449,3918797,"5/25/2016",1,1,0,0,1,1,4,"6/8/2016"
"145","Emergency Shelter (HUD)",769846,427227,3931806,"6/13/2016",1,2,3,1,1,1,9,"6/13/2016"
"146","Emergency Shelter (HUD)",770163,427684,3926701,"6/10/2016",0,0,2,0,2,1,5,"6/10/2016"
"147","Emergency Shelter (HUD)",770166,427408,3921676,"6/9/2016",0,0,0,0,2,1,3,"6/9/2016"
"148","Emergency Shelter (HUD)",770420,427724,3936331,"6/14/2016",0,0,1,0,0,1,2,"6/14/2016"
"149","Emergency Shelter (HUD)",771082,427917,3926296,"5/31/2016",0,1,1,1,1,1,5,"6/10/2016"
"150","Emergency Shelter (HUD)",772632,428329,3922541,"6/3/2016",0,0,2,1,3,1,7,"6/9/2016"
"151","Emergency Shelter (HUD)",772632,428329,3936377,"6/3/2016",0,1,1,1,3,1,7,"6/14/2016"
"152","Emergency Shelter (HUD)",774103,428763,3931678,"5/25/2016",1,1,1,2,2,1,8,"6/13/2016"
"153","Emergency Shelter (HUD)",774139,428532,3940235,"5/31/2016",0,1,1,0,3,1,6,"6/15/2016"
"154","Emergency Shelter (HUD)",774147,426178,3993916,"6/30/2016",0,0,2,2,0,1,5,"6/30/2016"
"155","Emergency Shelter (HUD)",775714,368866,3931762,"6/13/2016",0,0,1,0,1,1,3,"6/13/2016"
"156","Emergency Shelter (HUD)",775714,368866,3940405,"5/31/2016",0,0,0,0,0,1,1,"6/15/2016"
"157","Emergency Shelter (HUD)",776094,329754,3921166,"6/9/2016",0,0,2,3,1,1,7,"6/9/2016"
"158","Emergency Shelter (HUD)",776098,361333,3943284,"4/19/2016",2,3,2,2,2,1,12,"6/16/2016"
"159","Emergency Shelter (HUD)",776404,426725,3926407,"6/6/2016",0,1,0,0,3,1,5,"6/10/2016"
"160","Emergency Shelter (HUD)",777950,413409,3926645,"6/6/2016",0,1,0,1,1,1,4,"6/10/2016"
"161","Emergency Shelter (HUD)",779767,430184,3926824,"6/10/2016",0,1,2,2,2,1,8,"6/10/2016"
"162","Emergency Shelter (HUD)",779767,430184,3940647,"6/15/2016",0,1,2,2,2,1,8,"6/15/2016"
"163","Emergency Shelter (HUD)",780519,312839,3988995,"6/29/2016",0,0,1,1,0,1,3,"6/29/2016"
"164","Emergency Shelter (HUD)",780932,308223,3904742,"6/6/2016",1,0,4,1,3,1,10,"6/6/2016"
"165","Emergency Shelter (HUD)",780935,428014,3987828,"6/29/2016",0,0,1,0,1,0,2,"6/29/2016"
"166","Emergency Shelter (HUD)",781517,426541,3961188,"6/21/2016",0,0,1,0,0,1,2,"6/21/2016"
"167","Emergency Shelter (HUD)",781526,430630,3917032,"6/8/2016",2,1,1,1,1,1,7,"6/8/2016"
"168","Emergency Shelter (HUD)",781531,339708,3915636,"6/8/2016",1,1,2,3,2,1,10,"6/8/2016"
"169","Emergency Shelter (HUD)",782300,410792,3923154,"6/10/2016",2,0,0,0,1,0,3,"6/10/2016"
"170","Emergency Shelter (HUD)",782302,430727,3920660,"6/9/2016",1,0,2,0,0,1,4,"6/9/2016"
"171","Emergency Shelter (HUD)",782657,430878,3929564,"6/13/2016",1,0,2,3,1,0,7,"6/13/2016"
"172","Emergency Shelter (HUD)",782662,430528,3910675,"6/7/2016",1,1,1,0,1,1,5,"6/7/2016"
"173","Emergency Shelter (HUD)",782668,430709,3920122,"6/9/2016",1,1,1,2,3,1,9,"6/9/2016"
"174","Emergency Shelter (HUD)",782973,376477,3936280,"6/14/2016",1,0,1,0,0,1,3,"6/14/2016"
"175","Emergency Shelter (HUD)",783411,430519,3909986,"6/7/2016",1,0,2,3,1,0,7,"6/7/2016"
"176","Emergency Shelter (HUD)",783416,431100,3939337,"6/15/2016",0,0,1,2,0,0,3,"6/15/2016"
"177","Emergency Shelter (HUD)",783421,430990,3935044,"6/14/2016",2,0,2,0,1,1,6,"6/14/2016"
"178","Emergency Shelter (HUD)",783428,376223,3936456,"6/14/2016",1,0,1,0,1,1,4,"6/14/2016"
"179","Emergency Shelter (HUD)",784673,430828,3926640,"6/10/2016",2,0,1,3,1,0,7,"6/10/2016"
"180","Emergency Shelter (HUD)",786082,307133,3968665,"6/23/2016",1,0,2,2,1,1,7,"6/23/2016"
"181","Emergency Shelter (HUD)",786101,431365,3947798,"6/17/2016",1,3,1,1,0,1,7,"6/17/2016"
"182","Emergency Shelter (HUD)",786109,322286,3943054,"6/16/2016",1,3,2,5,1,1,13,"6/16/2016"
"183","Emergency Shelter (HUD)",786123,431199,3940779,"6/15/2016",1,1,1,1,1,1,6,"6/15/2016"
"184","Emergency Shelter (HUD)",786143,383596,3907133,"6/6/2016",1,0,2,1,3,1,8,"6/6/2016"
"185","Emergency Shelter (HUD)",786150,428549,3992881,"6/30/2016",0,1,1,2,2,0,6,"6/30/2016"
"186","Emergency Shelter (HUD)",786157,431652,3960801,"6/21/2016",1,1,4,2,0,1,9,"6/21/2016"
"187","Emergency Shelter (HUD)",786780,431909,3969944,"6/24/2016",1,0,0,1,0,1,3,"6/24/2016"
"188","Emergency Shelter (HUD)",786820,431100,3939337,"6/15/2016",0,0,1,2,0,0,3,"6/15/2016"
"189","Emergency Shelter (HUD)",786822,341670,3977824,"6/27/2016",2,1,2,1,2,1,9,"6/27/2016"
"190","Emergency Shelter (HUD)",786826,407450,3978031,"6/27/2016",1,3,4,3,2,1,14,"6/27/2016"
"191","Emergency Shelter (HUD)",786830,432059,3977392,"6/27/2016",1,1,1,3,2,1,9,"6/27/2016"
"192","Emergency Shelter (HUD)",787115,432147,3981664,"6/28/2016",1,0,2,0,1,1,5,"6/28/2016"
"193","Emergency Shelter (HUD)",787141,307932,3982361,"6/28/2016",1,0,2,1,2,1,7,"6/28/2016"
"194","Emergency Shelter (HUD)",787141,307932,5401574,"7/31/2017",1,3,3,2,4,1,14,"7/31/2017"
"195","Emergency Shelter (HUD)",787153,432111,3980826,"6/28/2016",1,2,2,1,2,1,9,"6/28/2016"
"196","Emergency Shelter (HUD)",787422,427832,3991697,"6/30/2016",1,0,3,1,2,1,8,"6/30/2016"
"197","Emergency Shelter (HUD)",787517,360803,3996786,"7/1/2016",2,0,3,2,1,1,9,"7/1/2016"
"198","Emergency Shelter (HUD)",787958,357033,3995546,"7/1/2016",1,0,1,1,2,1,6,"7/1/2016"
"199","Emergency Shelter (HUD)",787969,432488,4003759,"7/5/2016",2,0,1,0,0,0,3,"7/5/2016"
"200","Emergency Shelter (HUD)",787973,432492,4001273,"7/5/2016",1,1,2,1,2,1,8,"7/5/2016"
"201","Emergency Shelter (HUD)",787976,429132,4495966,"10/31/2016",1,2,2,4,2,1,12,"10/31/2016"
"202","Emergency Shelter (HUD)",788320,362411,4000869,"7/5/2016",1,2,2,2,0,1,8,"7/5/2016"
"203","Emergency Shelter (HUD)",788364,424593,3918838,"5/26/2016",0,1,2,2,4,1,10,"6/8/2016"
"204","Emergency Shelter (HUD)",788718,432684,4009069,"7/6/2016",1,0,1,0,0,1,3,"7/6/2016"
"205","Emergency Shelter (HUD)",788724,432055,3977212,"6/27/2016",1,2,2,0,2,0,7,"6/27/2016"
"206","Emergency Shelter (HUD)",789073,432300,3989997,"6/30/2016",1,2,3,2,2,1,11,"6/30/2016"
"207","Emergency Shelter (HUD)",789081,397787,4008950,"7/6/2016",2,1,2,3,4,1,13,"7/6/2016"
"208","Emergency Shelter (HUD)",789615,425979,4020147,"7/8/2016",2,0,3,2,1,1,9,"7/8/2016"
"209","Emergency Shelter (HUD)",789623,432724,4011506,"7/7/2016",0,1,0,3,1,1,6,"7/7/2016"
"210","Emergency Shelter (HUD)",790027,432947,4024739,"7/11/2016",1,0,0,1,0,1,3,"7/11/2016"
"211","Emergency Shelter (HUD)",790030,427489,4448400,"10/20/2016",1,2,1,1,1,1,7,"10/20/2016"
"212","Emergency Shelter (HUD)",790032,310617,3944882,"2/10/2016",1,0,2,1,3,1,8,"6/16/2016"
"213","Emergency Shelter (HUD)",790037,432953,4024741,"7/11/2016",1,0,2,2,2,1,8,"7/11/2016"
"214","Emergency Shelter (HUD)",790413,328207,4034682,"7/12/2016",2,1,3,1,1,1,9,"7/12/2016"
"215","Emergency Shelter (HUD)",790415,398653,4019967,"7/8/2016",1,0,0,1,2,1,5,"7/8/2016"
"216","Emergency Shelter (HUD)",791752,384273,4056347,"7/15/2016",1,0,1,1,1,1,5,"7/15/2016"
"217","Emergency Shelter (HUD)",791762,308532,4018860,"7/8/2016",2,0,2,0,1,0,5,"7/8/2016"
"218","Emergency Shelter (HUD)",791768,433526,4076825,"7/20/2016",2,2,3,5,3,1,16,"7/20/2016"
"219","Emergency Shelter (HUD)",792494,314561,4070100,"7/19/2016",1,0,2,1,0,1,5,"7/19/2016"
"220","Emergency Shelter (HUD)",792514,422212,4074255,"7/19/2016",1,3,1,4,2,1,12,"7/19/2016"
"221","Emergency Shelter (HUD)",792750,433757,4076258,"7/20/2016",1,1,1,2,0,1,6,"7/20/2016"
"222","Emergency Shelter (HUD)",792760,208708,3926820,"6/10/2016",0,1,1,1,2,1,6,"6/10/2016"
"223","Emergency Shelter (HUD)",793036,433807,4078930,"7/20/2016",2,1,2,3,2,1,11,"7/20/2016"
"224","Emergency Shelter (HUD)",793041,433829,4080521,"7/21/2016",1,2,2,1,2,0,8,"7/21/2016"
"225","Emergency Shelter (HUD)",793044,395748,4074250,"7/19/2016",2,2,3,2,3,1,13,"7/19/2016"
"226","Emergency Shelter (HUD)",793073,407450,3978031,"6/27/2016",1,3,4,3,2,1,14,"6/27/2016"
"227","Emergency Shelter (HUD)",793970,433262,4042911,"7/13/2016",1,1,2,1,1,1,7,"7/13/2016"
"228","Emergency Shelter (HUD)",793970,433262,4521981,"11/4/2016",1,0,2,2,1,1,7,"11/4/2016"
"229","Emergency Shelter (HUD)",793979,334621,4076399,"7/20/2016",1,1,2,2,2,1,9,"7/20/2016"
"230","Emergency Shelter (HUD)",794301,433568,4065050,"7/18/2016",2,0,2,1,1,1,7,"7/18/2016"
"231","Emergency Shelter (HUD)",794313,380925,4099529,"7/26/2016",2,2,2,1,2,1,10,"7/26/2016"
"232","Emergency Shelter (HUD)",794321,434045,4095584,"7/25/2016",1,0,3,0,2,1,7,"7/25/2016"
"233","Emergency Shelter (HUD)",794677,308688,4017516,"7/8/2016",1,1,1,0,2,1,6,"7/8/2016"
"234","Emergency Shelter (HUD)",794984,433738,4075529,"7/20/2016",1,1,2,4,1,1,10,"7/20/2016"
"235","Emergency Shelter (HUD)",795569,365269,4103439,"7/27/2016",1,2,3,2,1,1,10,"7/27/2016"
"236","Emergency Shelter (HUD)",795576,434405,4113737,"7/28/2016",1,0,1,1,0,1,4,"7/28/2016"
"237","Emergency Shelter (HUD)",795870,395184,4111633,"7/28/2016",2,0,1,0,1,1,5,"7/28/2016"
"238","Emergency Shelter (HUD)",795881,434690,4129877,"8/1/2016",1,0,3,1,1,0,6,"8/1/2016"
"239","Emergency Shelter (HUD)",796252,296127,4130267,"8/1/2016",1,0,1,3,0,1,6,"8/1/2016"
"240","Emergency Shelter (HUD)",796277,392105,3943786,"2/23/2016",1,0,1,2,1,0,5,"6/16/2016"
"241","Emergency Shelter (HUD)",796284,434824,4136369,"8/2/2016",1,0,2,1,1,1,6,"8/2/2016"
"242","Emergency Shelter (HUD)",796304,434035,4099597,"7/26/2016",1,2,2,1,2,1,9,"7/26/2016"
"243","Emergency Shelter (HUD)",796539,435001,4142410,"8/4/2016",0,0,2,2,0,1,5,"8/4/2016"
"244","Emergency Shelter (HUD)",796864,434976,4140976,"8/3/2016",2,1,3,0,0,1,7,"8/3/2016"
"245","Emergency Shelter (HUD)",796871,435035,4143321,"8/4/2016",1,0,2,0,1,1,5,"8/4/2016"
"246","Emergency Shelter (HUD)",797437,434978,4141021,"8/3/2016",1,2,2,1,3,1,10,"8/3/2016"
"247","Emergency Shelter (HUD)",797445,435164,4149763,"8/5/2016",1,1,1,3,1,1,8,"8/5/2016"
"248","Emergency Shelter (HUD)",799155,435278,4155509,"8/8/2016",1,0,1,1,1,1,5,"8/8/2016"
"249","Emergency Shelter (HUD)",801064,379107,4161820,"8/9/2016",1,0,1,0,0,1,3,"8/9/2016"
"250","Emergency Shelter (HUD)",801073,308535,3930314,"6/13/2016",2,2,3,2,2,1,12,"6/13/2016"
"251","Emergency Shelter (HUD)",801078,434733,4131884,"8/2/2016",1,0,1,0,3,2,7,"8/2/2016"
"252","Emergency Shelter (HUD)",801394,425357,4182997,"8/15/2016",1,0,3,3,2,1,10,"8/15/2016"
"253","Emergency Shelter (HUD)",801396,326472,4185457,"8/15/2016",2,0,0,1,2,1,6,"8/15/2016"
"254","Emergency Shelter (HUD)",802350,436219,4205801,"8/18/2016",1,0,2,0,2,1,6,"8/18/2016"
"255","Emergency Shelter (HUD)",802352,333269,4148169,"8/5/2016",0,0,0,0,1,1,2,"8/5/2016"
"256","Emergency Shelter (HUD)",802839,214515,4212569,"8/19/2016",1,0,1,2,0,1,5,"8/19/2016"
"257","Emergency Shelter (HUD)",803582,436443,4222413,"8/22/2016",1,0,1,2,0,1,5,"8/22/2016"
"258","Emergency Shelter (HUD)",803593,369393,4197562,"8/17/2016",1,0,2,2,1,1,7,"8/17/2016"
"259","Emergency Shelter (HUD)",803609,352709,4221513,"8/22/2016",1,1,3,0,3,1,9,"8/22/2016"
"260","Emergency Shelter (HUD)",803628,435109,4145917,"8/4/2016",1,3,2,2,0,1,9,"8/4/2016"
"261","Emergency Shelter (HUD)",804341,436691,4235338,"8/24/2016",2,0,2,0,1,0,5,"8/24/2016"
"262","Emergency Shelter (HUD)",804347,436533,4225502,"8/22/2016",1,0,1,0,1,1,4,"8/22/2016"
"263","Emergency Shelter (HUD)",804357,420416,4156100,"8/8/2016",1,0,2,2,3,1,9,"8/8/2016"
"264","Emergency Shelter (HUD)",805080,341399,4240846,"8/25/2016",1,0,1,2,2,1,7,"8/25/2016"
"265","Emergency Shelter (HUD)",805091,435399,4161908,"8/9/2016",1,0,2,0,1,1,5,"8/9/2016"
"266","Emergency Shelter (HUD)",805101,430070,4241650,"8/25/2016",2,0,1,2,1,1,7,"8/25/2016"
"267","Emergency Shelter (HUD)",805107,436879,4246602,"8/26/2016",1,2,1,2,0,1,7,"8/26/2016"
"268","Emergency Shelter (HUD)",805109,352044,4302093,"9/12/2016",0,0,1,0,1,1,3,"9/12/2016"
"269","Emergency Shelter (HUD)",805126,321415,4287092,"9/7/2016",1,0,2,1,1,1,6,"9/7/2016"
"270","Emergency Shelter (HUD)",805518,306740,4238395,"8/24/2016",1,1,3,0,3,1,9,"8/24/2016"
"271","Emergency Shelter (HUD)",805844,437114,4258638,"8/30/2016",1,0,1,0,0,1,3,"8/30/2016"
"272","Emergency Shelter (HUD)",806166,437209,4262531,"8/31/2016",1,0,2,2,0,1,6,"8/31/2016"
"273","Emergency Shelter (HUD)",806177,407450,3978031,"6/27/2016",1,3,4,3,2,1,14,"6/27/2016"
"274","Emergency Shelter (HUD)",806434,418153,4269347,"9/1/2016",2,0,2,4,1,1,10,"9/1/2016"
"275","Emergency Shelter (HUD)",807140,437040,4254300,"8/29/2016",1,0,1,0,0,1,3,"8/29/2016"
"276","Emergency Shelter (HUD)",807148,373240,4260051,"8/30/2016",1,1,2,3,1,1,9,"8/30/2016"
"277","Emergency Shelter (HUD)",807157,435639,4172408,"8/11/2016",2,2,1,4,3,1,13,"8/11/2016"
"278","Emergency Shelter (HUD)",807458,436218,4205465,"8/18/2016",1,0,1,2,1,1,6,"8/18/2016"
"279","Emergency Shelter (HUD)",807789,434293,4285260,"9/7/2016",1,2,1,2,0,0,6,"9/7/2016"
"280","Emergency Shelter (HUD)",808059,401421,4278233,"9/6/2016",1,1,1,1,0,1,5,"9/6/2016"
"281","Emergency Shelter (HUD)",808063,420445,3961187,"6/21/2016",1,1,2,2,2,1,9,"6/21/2016"
"282","Emergency Shelter (HUD)",808695,437805,4289150,"9/8/2016",2,0,2,1,2,2,9,"9/8/2016"
"283","Emergency Shelter (HUD)",808700,435817,4179521,"8/12/2016",2,1,1,3,1,2,10,"8/12/2016"
"284","Emergency Shelter (HUD)",808703,437951,4294684,"9/9/2016",1,2,3,1,1,1,9,"9/9/2016"
"285","Emergency Shelter (HUD)",808723,437857,4291069,"9/8/2016",1,2,2,0,3,1,9,"9/8/2016"
"286","Emergency Shelter (HUD)",809019,437591,4280583,"9/6/2016",1,0,1,0,1,1,4,"9/6/2016"
"287","Emergency Shelter (HUD)",809023,438057,4301402,"9/12/2016",2,1,2,2,1,1,9,"9/12/2016"
"288","Emergency Shelter (HUD)",809365,437335,4267478,"9/1/2016",2,0,2,3,0,1,8,"9/1/2016"
"289","Emergency Shelter (HUD)",809375,438227,4311079,"9/13/2016",0,0,1,0,0,0,1,"9/13/2016"
"290","Emergency Shelter (HUD)",809698,438232,4311224,"9/13/2016",1,1,3,1,3,1,10,"9/13/2016"
"291","Emergency Shelter (HUD)",809706,438283,4314158,"9/14/2016",1,2,3,0,1,1,8,"9/14/2016"
"292","Emergency Shelter (HUD)",810005,373198,4318443,"9/15/2016",1,1,2,2,1,0,7,"9/15/2016"
"293","Emergency Shelter (HUD)",810013,438522,4325238,"9/16/2016",0,1,3,1,1,0,6,"9/16/2016"
"294","Emergency Shelter (HUD)",810570,438565,4325609,"9/16/2016",0,2,3,0,1,0,6,"9/16/2016"
"295","Emergency Shelter (HUD)",810875,437756,4287093,"9/7/2016",1,0,1,1,1,1,5,"9/7/2016"
"296","Emergency Shelter (HUD)",810880,419969,4318101,"9/15/2016",1,0,3,1,0,1,6,"9/15/2016"
"297","Emergency Shelter (HUD)",811137,81663,4424506,"10/13/2016",0,2,3,1,1,0,7,"10/13/2016"
"298","Emergency Shelter (HUD)",811138,326472,4185457,"8/15/2016",2,0,0,1,2,1,6,"8/15/2016"
"299","Emergency Shelter (HUD)",811148,344756,4031921,"7/11/2016",1,1,3,1,2,1,9,"7/11/2016"
"300","Emergency Shelter (HUD)",811412,412101,4567905,"11/16/2016",1,0,2,1,1,1,6,"11/16/2016"
"301","Emergency Shelter (HUD)",812254,397224,4353425,"9/26/2016",2,0,2,1,0,1,6,"9/26/2016"
"302","Emergency Shelter (HUD)",812257,392105,3943786,"2/23/2016",1,0,1,2,1,0,5,"6/16/2016"
"303","Emergency Shelter (HUD)",812261,136091,3946929,"6/17/2016",1,0,1,0,0,1,3,"6/17/2016"
"304","Emergency Shelter (HUD)",812291,439174,4352716,"9/26/2016",1,0,2,1,2,1,7,"9/26/2016"
"305","Emergency Shelter (HUD)",812514,187202,4356360,"9/27/2016",2,1,2,3,1,1,10,"9/27/2016"
"306","Emergency Shelter (HUD)",812543,439322,4362068,"9/28/2016",1,1,2,1,1,1,7,"9/28/2016"
"307","Emergency Shelter (HUD)",812849,308302,4362943,"9/28/2016",2,0,2,1,2,1,8,"9/28/2016"
"308","Emergency Shelter (HUD)",813131,322837,4306291,"9/13/2016",0,0,2,3,2,1,8,"9/13/2016"
"309","Emergency Shelter (HUD)",813133,439497,4364476,"9/28/2016",2,3,4,2,3,1,15,"9/28/2016"
"310","Emergency Shelter (HUD)",813135,439404,4359855,"9/27/2016",1,0,2,1,1,1,6,"9/27/2016"
"311","Emergency Shelter (HUD)",813389,425317,4368704,"9/29/2016",1,0,1,0,1,1,4,"9/29/2016"
"312","Emergency Shelter (HUD)",813390,346588,4371454,"9/29/2016",1,2,2,2,2,1,10,"9/29/2016"
"313","Emergency Shelter (HUD)",813392,390544,4374056,"9/30/2016",2,0,2,1,2,0,7,"9/30/2016"
"314","Emergency Shelter (HUD)",813395,439572,4368974,"9/29/2016",2,3,2,4,1,1,13,"9/29/2016"
"315","Emergency Shelter (HUD)",813404,162680,4236865,"8/24/2016",1,0,1,1,1,1,5,"8/24/2016"
"316","Emergency Shelter (HUD)",813887,433738,4075529,"7/20/2016",1,1,2,4,1,1,10,"7/20/2016"
"317","Emergency Shelter (HUD)",813890,439689,4383232,"10/4/2016",1,0,1,1,0,1,4,"10/4/2016"
"318","Emergency Shelter (HUD)",813896,438658,4330605,"9/19/2016",2,1,1,3,0,1,8,"9/19/2016"
"319","Emergency Shelter (HUD)",813914,438812,4336764,"9/20/2016",2,1,1,2,1,0,7,"9/20/2016"
"320","Emergency Shelter (HUD)",814261,439800,4379991,"10/3/2016",2,0,1,3,1,1,8,"10/3/2016"
"321","Emergency Shelter (HUD)",814269,439923,4381671,"10/3/2016",2,1,2,1,1,0,7,"10/3/2016"
"322","Emergency Shelter (HUD)",814564,439959,4383823,"10/4/2016",1,2,1,0,2,1,7,"10/4/2016"
"323","Emergency Shelter (HUD)",814571,439980,4384665,"10/4/2016",2,0,2,1,1,1,7,"10/4/2016"
"324","Emergency Shelter (HUD)",814585,440026,4386928,"10/4/2016",1,1,2,4,2,1,11,"10/4/2016"
"325","Emergency Shelter (HUD)",814617,305002,4192253,"8/16/2016",1,3,3,4,3,1,15,"8/16/2016"
"326","Emergency Shelter (HUD)",814619,383596,3907133,"6/6/2016",1,0,2,1,3,1,8,"6/6/2016"
"327","Emergency Shelter (HUD)",814619,383596,4331827,"9/19/2016",2,1,2,2,2,0,9,"9/19/2016"
"328","Emergency Shelter (HUD)",814947,430638,3917244,"6/8/2016",1,3,2,4,0,1,11,"6/8/2016"
"329","Emergency Shelter (HUD)",814947,430638,4392425,"10/5/2016",1,1,3,3,2,1,11,"10/5/2016"
"330","Emergency Shelter (HUD)",814956,388415,4083663,"7/21/2016",2,0,3,0,0,1,6,"7/21/2016"
"331","Emergency Shelter (HUD)",816994,439172,4365374,"9/28/2016",1,1,2,1,1,1,7,"9/28/2016"
"332","Emergency Shelter (HUD)",817223,439190,4352885,"9/26/2016",2,0,3,2,0,1,8,"9/26/2016"
"333","Emergency Shelter (HUD)",818139,441090,4424034,"10/13/2016",0,1,2,0,1,1,5,"10/13/2016"
"334","Emergency Shelter (HUD)",818170,426496,3940553,"5/31/2016",0,1,3,1,3,1,9,"6/15/2016"
"335","Emergency Shelter (HUD)",818721,305637,3921575,"6/9/2016",1,3,3,3,4,1,15,"6/9/2016"
"336","Emergency Shelter (HUD)",819008,440651,4406394,"10/10/2016",1,0,0,0,1,1,3,"10/10/2016"
"337","Emergency Shelter (HUD)",819922,397224,4353425,"9/26/2016",2,0,2,1,0,1,6,"9/26/2016"
"338","Emergency Shelter (HUD)",819930,397243,4497144,"10/31/2016",2,0,1,3,0,1,7,"10/31/2016"
"339","Emergency Shelter (HUD)",819988,438057,4301402,"9/12/2016",2,1,2,2,1,1,9,"9/12/2016"
"340","Emergency Shelter (HUD)",819994,421370,4431793,"10/17/2016",1,0,2,1,0,0,4,"10/17/2016"
"341","Emergency Shelter (HUD)",820001,437232,4263883,"8/31/2016",1,0,2,3,1,0,7,"8/31/2016"
"342","Emergency Shelter (HUD)",820004,442059,4461044,"10/24/2016",1,1,3,1,2,1,9,"10/24/2016"
"343","Emergency Shelter (HUD)",821584,302980,4128552,"8/1/2016",2,1,2,2,1,0,8,"8/1/2016"
"344","Emergency Shelter (HUD)",821613,396213,3942819,"6/2/2016",1,1,0,1,2,1,6,"6/16/2016"
"345","Emergency Shelter (HUD)",821613,396213,4466766,"10/25/2016",2,0,1,0,1,1,5,"10/25/2016"
"346","Emergency Shelter (HUD)",821617,438565,4325609,"9/16/2016",0,2,3,0,1,0,6,"9/16/2016"
"347","Emergency Shelter (HUD)",821621,442588,4483328,"10/28/2016",1,1,1,3,1,1,8,"10/28/2016"
"348","Emergency Shelter (HUD)",821629,442738,4492012,"10/31/2016",1,0,2,1,2,1,7,"10/31/2016"
"349","Emergency Shelter (HUD)",822001,327447,4491239,"10/31/2016",1,0,0,1,0,1,3,"10/31/2016"
"350","Emergency Shelter (HUD)",822013,442781,4494764,"10/31/2016",2,1,2,2,0,1,8,"10/31/2016"
"351","Emergency Shelter (HUD)",822023,442211,4468253,"10/25/2016",1,3,2,2,3,0,11,"10/25/2016"
"352","Emergency Shelter (HUD)",822339,431652,3960801,"6/21/2016",1,1,4,2,0,1,9,"6/21/2016"
"353","Emergency Shelter (HUD)",822343,443001,4504617,"11/1/2016",1,0,2,3,2,1,9,"11/1/2016"
"354","Emergency Shelter (HUD)",822375,442902,4500735,"11/1/2016",1,0,0,1,1,1,4,"11/1/2016"
"355","Emergency Shelter (HUD)",822395,368150,4471247,"10/25/2016",1,3,1,3,0,1,9,"10/25/2016"
"356","Emergency Shelter (HUD)",822428,343707,4501630,"11/1/2016",2,0,0,1,2,1,6,"11/1/2016"
"357","Emergency Shelter (HUD)",823894,440877,4415525,"10/12/2016",2,0,2,1,0,1,6,"10/12/2016"
"358","Emergency Shelter (HUD)",823916,441174,4426549,"10/14/2016",1,0,1,0,0,0,2,"10/14/2016"
"359","Emergency Shelter (HUD)",823918,441612,4443837,"10/19/2016",2,0,4,4,1,1,12,"10/19/2016"
"360","Emergency Shelter (HUD)",824681,333982,4234718,"8/24/2016",0,1,2,1,0,1,5,"8/24/2016"
"361","Emergency Shelter (HUD)",825065,443629,4539005,"11/9/2016",1,2,3,1,1,1,9,"11/9/2016"
"362","Emergency Shelter (HUD)",825072,326472,4185457,"8/15/2016",2,0,0,1,2,1,6,"8/15/2016"
"363","Emergency Shelter (HUD)",825123,433017,4135405,"8/2/2016",2,3,2,3,3,1,14,"8/2/2016"
"364","Emergency Shelter (HUD)",825857,437044,4391589,"10/5/2016",0,1,1,2,2,1,7,"10/5/2016"
"365","Emergency Shelter (HUD)",826191,443918,4553453,"11/14/2016",1,0,2,2,2,0,7,"11/14/2016"
"366","Emergency Shelter (HUD)",826197,443967,4555229,"11/14/2016",0,0,2,1,3,0,6,"11/14/2016"
"367","Emergency Shelter (HUD)",826200,443950,4575590,"11/18/2016",0,3,2,2,1,0,8,"11/18/2016"
"368","Emergency Shelter (HUD)",826219,427064,3940821,"6/2/2016",0,0,0,0,1,0,1,"6/15/2016"
"369","Emergency Shelter (HUD)",826611,444079,4561954,"11/15/2016",2,0,2,1,0,1,6,"11/15/2016"
"370","Emergency Shelter (HUD)",826616,401622,4519805,"11/4/2016",1,1,2,1,2,0,7,"11/4/2016"
"371","Emergency Shelter (HUD)",826624,340038,4191593,"8/16/2016",0,0,3,1,2,1,7,"8/16/2016"
"372","Emergency Shelter (HUD)",826624,340038,4560586,"11/15/2016",1,2,3,2,2,0,10,"11/15/2016"
"373","Emergency Shelter (HUD)",827323,381378,4569337,"11/17/2016",1,0,2,0,1,1,5,"11/17/2016"
"374","Emergency Shelter (HUD)",827853,444307,4574759,"11/18/2016",1,0,1,0,2,1,5,"11/18/2016"
"375","Emergency Shelter (HUD)",827863,444298,4574357,"11/18/2016",1,2,2,2,0,1,8,"11/18/2016"
"376","Emergency Shelter (HUD)",827866,423759,3977783,"6/27/2016",2,1,3,1,3,1,11,"6/27/2016"
"377","Emergency Shelter (HUD)",827884,444267,4572319,"11/17/2016",0,0,1,2,2,1,6,"11/17/2016"
"378","Emergency Shelter (HUD)",827907,444397,4581998,"11/21/2016",1,1,2,3,1,1,9,"11/21/2016"
"379","Emergency Shelter (HUD)",827911,408171,3993960,"6/30/2016",1,0,1,0,1,1,4,"6/30/2016"
"380","Emergency Shelter (HUD)",828297,444395,4579955,"11/21/2016",2,1,1,3,0,1,8,"11/21/2016"
"381","Emergency Shelter (HUD)",828302,310617,3944882,"2/10/2016",1,0,2,1,3,1,8,"6/16/2016"
"382","Emergency Shelter (HUD)",828732,431950,3971744,"6/24/2016",1,2,1,0,0,1,5,"6/24/2016"
"383","Emergency Shelter (HUD)",829584,444008,4590594,"11/23/2016",1,0,1,1,0,1,4,"11/23/2016"
"384","Emergency Shelter (HUD)",829600,354644,4588454,"11/22/2016",1,0,1,1,2,1,6,"11/22/2016"
"385","Emergency Shelter (HUD)",829609,444517,4586659,"11/22/2016",1,0,2,2,1,1,7,"11/22/2016"
"386","Emergency Shelter (HUD)",830204,444675,4595146,"11/28/2016",1,0,1,0,2,1,5,"11/28/2016"
"387","Emergency Shelter (HUD)",830224,444482,4585295,"11/22/2016",1,1,3,2,2,1,10,"11/22/2016"
"388","Emergency Shelter (HUD)",830349,444813,4603010,"11/29/2016",1,0,1,3,0,1,6,"11/29/2016"
"389","Emergency Shelter (HUD)",830998,444688,4596423,"11/28/2016",1,1,2,2,0,1,7,"11/28/2016"
"390","Emergency Shelter (HUD)",831015,444111,4564994,"11/16/2016",0,0,1,0,0,1,2,"11/16/2016"
"391","Emergency Shelter (HUD)",831016,306866,4607287,"11/30/2016",1,0,1,1,1,1,5,"11/30/2016"
"392","Emergency Shelter (HUD)",832991,445120,4617827,"12/2/2016",1,1,2,1,0,1,6,"12/2/2016"
"393","Emergency Shelter (HUD)",833005,427552,4662355,"12/2/2016",0,0,2,0,1,1,4,"12/16/2016"
"394","Emergency Shelter (HUD)",833006,427559,4532331,"11/8/2016",1,0,2,0,1,1,5,"11/8/2016"
"395","Emergency Shelter (HUD)",833010,445358,4626891,"12/6/2016",0,0,2,0,1,1,4,"12/6/2016"
"396","Emergency Shelter (HUD)",833015,445229,4621999,"12/5/2016",2,0,1,2,0,1,6,"12/5/2016"
"397","Emergency Shelter (HUD)",833021,445226,4621947,"12/5/2016",1,0,2,0,1,1,5,"12/5/2016"
"398","Emergency Shelter (HUD)",833431,445389,4629838,"12/6/2016",1,1,2,2,1,1,8,"12/6/2016"
"399","Emergency Shelter (HUD)",833443,445379,4628588,"12/6/2016",1,0,3,3,1,1,9,"12/6/2016"
"400","Emergency Shelter (HUD)",834263,445462,4633081,"12/7/2016",1,0,2,2,0,1,6,"12/7/2016"
"401","Emergency Shelter (HUD)",834277,341399,4240846,"8/25/2016",1,0,1,2,2,1,7,"8/25/2016"
"402","Emergency Shelter (HUD)",835042,304395,4636811,"12/8/2016",2,0,1,0,1,1,5,"12/8/2016"
"403","Emergency Shelter (HUD)",835049,445581,4639598,"12/8/2016",0,1,4,3,3,1,12,"12/8/2016"
"404","Emergency Shelter (HUD)",835058,331359,4514139,"11/3/2016",2,0,1,1,0,1,5,"11/3/2016"
"405","Emergency Shelter (HUD)",835079,131836,5356698,"7/14/2017",1,2,3,3,2,1,12,"7/14/2017"
"406","Emergency Shelter (HUD)",835087,187391,4638259,"12/8/2016",2,0,2,3,0,1,8,"12/8/2016"
"407","Emergency Shelter (HUD)",835431,408508,3981677,"6/28/2016",2,4,4,6,3,0,19,"6/28/2016"
"408","Emergency Shelter (HUD)",835438,445765,4648090,"12/12/2016",1,1,3,0,2,1,8,"12/12/2016"
"409","Emergency Shelter (HUD)",835445,445760,4647994,"12/12/2016",2,0,3,1,0,0,6,"12/12/2016"
"410","Emergency Shelter (HUD)",835826,445858,4653946,"12/14/2016",1,2,2,3,0,1,9,"12/14/2016"
"411","Emergency Shelter (HUD)",838273,392105,3943786,"2/23/2016",1,0,1,2,1,0,5,"6/16/2016"
"412","Emergency Shelter (HUD)",838311,440925,4417889,"10/12/2016",2,1,3,1,1,1,9,"10/12/2016"
"413","Emergency Shelter (HUD)",838319,445922,4656456,"12/14/2016",2,1,3,1,2,1,10,"12/14/2016"
"414","Emergency Shelter (HUD)",839107,440081,4388084,"10/5/2016",1,2,2,3,1,1,10,"10/5/2016"
"415","Emergency Shelter (HUD)",842383,446469,4679916,"12/23/2016",1,0,1,1,1,1,5,"12/23/2016"
"416","Emergency Shelter (HUD)",842386,340038,4191593,"8/16/2016",0,0,3,1,2,1,7,"8/16/2016"
"417","Emergency Shelter (HUD)",842386,340038,4560586,"11/15/2016",1,2,3,2,2,0,10,"11/15/2016"
"418","Emergency Shelter (HUD)",842391,442337,4474601,"10/26/2016",1,1,0,1,0,1,4,"10/26/2016"
"419","Emergency Shelter (HUD)",842427,446566,4685648,"12/28/2016",1,1,2,4,1,1,10,"12/28/2016"
"420","Emergency Shelter (HUD)",842430,444381,4579038,"11/21/2016",2,0,2,1,1,1,7,"11/21/2016"
"421","Emergency Shelter (HUD)",843261,425992,4695028,"12/30/2016",1,0,2,1,0,1,5,"12/30/2016"
"422","Emergency Shelter (HUD)",843268,353747,4692963,"12/30/2016",2,2,2,2,0,1,9,"12/30/2016"
"423","Emergency Shelter (HUD)",844755,307606,3931804,"6/13/2016",0,3,2,1,2,1,9,"6/13/2016"
"424","Emergency Shelter (HUD)",845686,446185,4667004,"12/19/2016",1,0,1,2,0,0,4,"12/19/2016"
"425","Emergency Shelter (HUD)",845686,446185,4784496,"1/26/2017",0,3,2,4,0,0,9,"1/26/2017"
"426","Emergency Shelter (HUD)",847162,430463,3906348,"6/6/2016",1,0,4,1,0,1,7,"6/6/2016"
"427","Emergency Shelter (HUD)",854678,445889,4654897,"12/14/2016",1,0,2,2,0,1,6,"12/14/2016"
"428","Emergency Shelter (HUD)",857086,437297,4266064,"8/31/2016",1,2,2,4,2,0,11,"8/31/2016"
"429","Emergency Shelter (HUD)",875002,446146,4666275,"12/19/2016",1,2,2,3,1,1,10,"12/19/2016"
"430","Emergency Shelter (HUD)",886636,350470,4758945,"1/20/2017",1,3,2,4,0,0,10,"1/20/2017"
"431","Emergency Shelter (HUD)",886643,385517,4597711,"11/28/2016",2,3,2,2,2,1,12,"11/28/2016"
"432","Emergency Shelter (HUD)",922546,385517,4597711,"11/28/2016",2,3,2,2,2,1,12,"11/28/2016"
"433","Emergency Shelter (HUD)",793962,433262,4042911,"7/13/2016",1,1,2,1,1,1,7,"7/13/2016"
"434","Emergency Shelter (HUD)",793975,334621,4076399,"7/20/2016",1,1,2,2,2,1,9,"7/20/2016"
"435","Emergency Shelter (HUD)",794316,434045,4095584,"7/25/2016",1,0,3,0,2,1,7,"7/25/2016"
"436","Emergency Shelter (HUD)",794675,308688,4017516,"7/8/2016",1,1,1,0,2,1,6,"7/8/2016"
"437","Emergency Shelter (HUD)",795002,334738,4083664,"7/21/2016",2,0,2,0,2,0,6,"7/21/2016"
"438","Emergency Shelter (HUD)",795559,365269,4103439,"7/27/2016",1,2,3,2,1,1,10,"7/27/2016"
"439","Emergency Shelter (HUD)",795574,434405,4113737,"7/28/2016",1,0,1,1,0,1,4,"7/28/2016"
"440","Emergency Shelter (HUD)",795863,395184,4111633,"7/28/2016",2,0,1,0,1,1,5,"7/28/2016"
"441","Emergency Shelter (HUD)",796318,401360,4093808,"7/25/2016",2,1,1,1,3,1,9,"7/25/2016"
"442","PH - Housing with services (no disability required for entry) (HUD)",847616,208708,3926820,"6/10/2016",0,1,1,1,2,1,6,"6/10/2016"
"443","PH - Housing with services (no disability required for entry) (HUD)",847629,296127,4130267,"8/1/2016",1,0,1,3,0,1,6,"8/1/2016"
"444","PH - Housing with services (no disability required for entry) (HUD)",847633,306836,3924853,"6/4/2016",1,2,3,3,3,0,12,"6/10/2016"
"445","PH - Housing with services (no disability required for entry) (HUD)",847638,307542,5130139,"5/4/2017",0,2,0,0,3,0,5,"5/4/2017"
"446","PH - Housing with services (no disability required for entry) (HUD)",847640,312839,3988995,"6/29/2016",0,0,1,1,0,1,3,"6/29/2016"
"447","PH - Housing with services (no disability required for entry) (HUD)",847696,369606,4329400,"9/19/2016",2,1,3,4,1,1,12,"9/19/2016"
"448","PH - Housing with services (no disability required for entry) (HUD)",848168,422938,3926822,"6/10/2016",0,1,0,0,1,1,3,"6/10/2016"
"449","PH - Housing with services (no disability required for entry) (HUD)",848195,426053,3918595,"6/8/2016",0,1,0,0,1,0,2,"6/8/2016"
"450","PH - Housing with services (no disability required for entry) (HUD)",848198,427724,3936331,"6/14/2016",0,0,1,0,0,1,2,"6/14/2016"
"451","PH - Housing with services (no disability required for entry) (HUD)",848214,430519,3909986,"6/7/2016",1,0,2,3,1,0,7,"6/7/2016"
"452","PH - Housing with services (no disability required for entry) (HUD)",848217,433568,4065050,"7/18/2016",2,0,2,1,1,1,7,"7/18/2016"
"453","PH - Housing with services (no disability required for entry) (HUD)",849939,427408,3921676,"6/9/2016",0,0,0,0,2,1,3,"6/9/2016"
"454","PH - Housing with services (no disability required for entry) (HUD)",849948,426725,3926407,"6/6/2016",0,1,0,0,3,1,5,"6/10/2016"
"455","PH - Housing with services (no disability required for entry) (HUD)",967614,357412,4422976,"10/13/2016",1,1,3,1,0,1,7,"10/13/2016"
"456","PH - Rapid Re-Housing (HUD)",733905,397704,4532528,"11/8/2016",2,0,2,3,2,1,10,"11/8/2016"
"457","PH - Rapid Re-Housing (HUD)",795593,330339,3926614,"6/10/2016",0,1,1,2,0,1,5,"6/10/2016"
"458","PH - Rapid Re-Housing (HUD)",795593,330339,6354859,"5/9/2018",1,0,1,0,1,1,4,"5/15/2018"
"459","PH - Rapid Re-Housing (HUD)",795593,330339,6493580,"6/20/2018",1,0,2,0,2,1,6,"6/21/2018"
"460","PH - Rapid Re-Housing (HUD)",795593,330339,6609687,"7/25/2018",1,0,2,0,2,1,6,"7/26/2018"
"461","PH - Rapid Re-Housing (HUD)",805848,308188,3922305,"5/25/2016",1,3,3,4,4,1,16,"6/9/2016"
"462","PH - Rapid Re-Housing (HUD)",805848,308188,6587298,"5/22/2018",1,0,1,0,1,1,4,"7/20/2018"
"463","PH - Rapid Re-Housing (HUD)",805848,308188,6587313,"6/7/2018",1,0,1,0,2,1,5,"7/20/2018"
"464","PH - Rapid Re-Housing (HUD)",805848,308188,6587532,"7/20/2018",1,0,1,0,2,1,5,"7/20/2018"
"465","PH - Rapid Re-Housing (HUD)",805848,308188,6691197,"8/21/2018",1,0,1,0,1,1,4,"8/21/2018"
"466","PH - Rapid Re-Housing (HUD)",805848,308188,6830952,"9/19/2018",1,0,1,0,1,1,4,"10/9/2018"
"467","PH - Rapid Re-Housing (HUD)",806442,308688,4017516,"7/8/2016",1,1,1,0,2,1,6,"7/8/2016"
"468","PH - Rapid Re-Housing (HUD)",806442,308688,6363572,"5/17/2018",1,0,1,0,1,1,4,"5/17/2018"
"469","PH - Rapid Re-Housing (HUD)",806442,308688,6608578,"7/25/2018",1,0,1,0,1,1,4,"7/26/2018"
"470","PH - Rapid Re-Housing (HUD)",813493,404295,3943795,"6/16/2016",0,4,2,2,2,1,11,"6/16/2016"
"471","PH - Rapid Re-Housing (HUD)",814000,435639,4172408,"8/11/2016",2,2,1,4,3,1,13,"8/11/2016"
"472","PH - Rapid Re-Housing (HUD)",814005,434045,4095584,"7/25/2016",1,0,3,0,2,1,7,"7/25/2016"
"473","PH - Rapid Re-Housing (HUD)",815931,418089,3944005,"2/23/2016",0,0,3,1,3,1,8,"6/16/2016"
"474","PH - Rapid Re-Housing (HUD)",815931,418089,6289494,"4/23/2018",1,0,1,0,1,1,4,"4/23/2018"
"475","PH - Rapid Re-Housing (HUD)",815931,418089,6514541,"6/27/2018",1,0,1,0,1,1,4,"6/27/2018"
"476","PH - Rapid Re-Housing (HUD)",815931,418089,6583588,"7/18/2018",1,0,2,0,1,1,5,"7/19/2018"
"477","PH - Rapid Re-Housing (HUD)",815931,418089,6725348,"8/30/2018",1,0,1,0,1,1,4,"9/4/2018"
"478","PH - Rapid Re-Housing (HUD)",815931,418089,6755147,"9/12/2018",1,0,1,0,1,1,4,"9/12/2018"
"479","PH - Rapid Re-Housing (HUD)",818527,398653,4019967,"7/8/2016",1,0,0,1,2,1,5,"7/8/2016"
"480","PH - Rapid Re-Housing (HUD)",818532,369393,4197562,"8/17/2016",1,0,2,2,1,1,7,"8/17/2016"
"481","PH - Rapid Re-Housing (HUD)",819060,427449,3918797,"5/25/2016",1,1,0,0,1,1,4,"6/8/2016"
"482","PH - Rapid Re-Housing (HUD)",819060,427449,6318719,"5/2/2018",1,1,1,0,1,1,5,"5/2/2018"
"483","PH - Rapid Re-Housing (HUD)",819060,427449,6450395,"6/11/2018",1,0,1,0,1,1,4,"6/11/2018"
"484","PH - Rapid Re-Housing (HUD)",819060,427449,6584229,"7/19/2018",1,0,2,0,1,1,5,"7/19/2018"
"485","PH - Rapid Re-Housing (HUD)",819060,427449,6746065,"9/10/2018",1,0,3,0,1,1,6,"9/10/2018"
"486","PH - Rapid Re-Housing (HUD)",826230,305209,3943734,"2/26/2016",1,1,2,1,1,1,7,"6/16/2016"
"487","PH - Rapid Re-Housing (HUD)",826230,305209,6368606,"5/11/2018",1,0,1,0,2,1,5,"5/18/2018"
"488","PH - Rapid Re-Housing (HUD)",826629,327867,3926823,"6/3/2016",0,0,1,0,2,1,4,"6/10/2016"
"489","PH - Rapid Re-Housing (HUD)",826629,327867,6414538,"5/31/2018",1,0,1,0,1,1,4,"6/1/2018"
"490","PH - Rapid Re-Housing (HUD)",826629,327867,6453338,"6/11/2018",1,0,1,0,1,1,4,"6/12/2018"
"491","PH - Rapid Re-Housing (HUD)",826629,327867,6588673,"7/20/2018",1,0,1,0,1,1,4,"7/20/2018"
"492","PH - Rapid Re-Housing (HUD)",826629,327867,6597904,"7/23/2018",1,0,1,0,1,1,4,"7/24/2018"
"493","PH - Rapid Re-Housing (HUD)",826629,327867,6714259,"8/29/2018",1,0,1,0,1,1,4,"8/29/2018"
"494","PH - Rapid Re-Housing (HUD)",826629,327867,6764597,"9/13/2018",1,0,1,0,1,1,4,"9/18/2018"
"495","PH - Rapid Re-Housing (HUD)",826629,327867,6823260,"10/8/2018",1,0,1,0,1,1,4,"10/8/2018"
"496","PH - Rapid Re-Housing (HUD)",826629,327867,6940721,"11/8/2018",1,0,1,0,2,1,5,"11/14/2018"
"497","PH - Rapid Re-Housing (HUD)",826639,435164,4149763,"8/5/2016",1,1,1,3,1,1,8,"8/5/2016"
"498","PH - Rapid Re-Housing (HUD)",826639,435164,6583909,"7/16/2018",1,0,1,0,1,1,4,"7/19/2018"
"499","PH - Rapid Re-Housing (HUD)",826639,435164,6771767,"9/19/2018",1,0,1,0,1,1,4,"9/20/2018"
"500","PH - Rapid Re-Housing (HUD)",826658,333269,4148169,"8/5/2016",0,0,0,0,1,1,2,"8/5/2016"
"501","PH - Rapid Re-Housing (HUD)",826658,333269,6222993,"8/15/2017",1,1,4,3,2,1,12,"4/4/2018"
"502","PH - Rapid Re-Housing (HUD)",826662,435278,4155509,"8/8/2016",1,0,1,1,1,1,5,"8/8/2016"
"503","PH - Rapid Re-Housing (HUD)",826662,435278,6354451,"5/8/2018",1,0,1,0,1,0,3,"5/15/2018"
"504","PH - Rapid Re-Housing (HUD)",826662,435278,6483741,"6/18/2018",1,0,1,0,2,0,4,"6/19/2018"
"505","PH - Rapid Re-Housing (HUD)",826662,435278,6581314,"7/18/2018",1,0,3,0,1,1,6,"7/18/2018"
"506","PH - Rapid Re-Housing (HUD)",826662,435278,6755155,"9/12/2018",1,0,1,0,2,0,4,"9/12/2018"
"507","PH - Rapid Re-Housing (HUD)",826662,435278,6983752,"11/28/2018",1,0,1,0,2,0,4,"11/29/2018"
"508","PH - Rapid Re-Housing (HUD)",826666,437209,4262531,"8/31/2016",1,0,2,2,0,1,6,"8/31/2016"
"509","PH - Rapid Re-Housing (HUD)",737269,329257,4495120,"10/31/2016",1,0,1,0,1,0,3,"10/31/2016"
"510","PH - Rapid Re-Housing (HUD)",813462,430638,3917244,"6/8/2016",1,3,2,4,0,1,11,"6/8/2016"
"511","PH - Rapid Re-Housing (HUD)",813462,430638,4392425,"10/5/2016",1,1,3,3,2,1,11,"10/5/2016"
"512","PH - Rapid Re-Housing (HUD)",813473,433017,4135405,"8/2/2016",2,3,2,3,3,1,14,"8/2/2016"
"513","PH - Rapid Re-Housing (HUD)",813481,432100,3980173,"6/28/2016",0,1,2,3,3,1,10,"6/28/2016"
"514","PH - Rapid Re-Housing (HUD)",815011,352044,4302093,"9/12/2016",0,0,1,0,1,1,3,"9/12/2016"
"515","PH - Rapid Re-Housing (HUD)",817282,437040,4254300,"8/29/2016",1,0,1,0,0,1,3,"8/29/2016"
"516","PH - Rapid Re-Housing (HUD)",817285,437857,4291069,"9/8/2016",1,2,2,0,3,1,9,"9/8/2016"
"517","PH - Rapid Re-Housing (HUD)",817293,420445,3961187,"6/21/2016",1,1,2,2,2,1,9,"6/21/2016"
"518","PH - Rapid Re-Housing (HUD)",817297,373198,4318443,"9/15/2016",1,1,2,2,1,0,7,"9/15/2016"
"519","PH - Rapid Re-Housing (HUD)",817302,361333,3943284,"4/19/2016",2,3,2,2,2,1,12,"6/16/2016"
"520","PH - Rapid Re-Housing (HUD)",817330,419969,4318101,"9/15/2016",1,0,3,1,0,1,6,"9/15/2016"
"521","PH - Rapid Re-Housing (HUD)",818522,433738,4075529,"7/20/2016",1,1,2,4,1,1,10,"7/20/2016"
"522","PH - Rapid Re-Housing (HUD)",818536,308535,3930314,"6/13/2016",2,2,3,2,2,1,12,"6/13/2016"
"523","PH - Rapid Re-Housing (HUD)",825118,433807,4078930,"7/20/2016",2,1,2,3,2,1,11,"7/20/2016"
"524","PH - Rapid Re-Housing (HUD)",826643,308327,3944854,"2/10/2016",0,1,2,2,1,1,7,"6/16/2016"
"525","PH - Rapid Re-Housing (HUD)",842976,427684,3926701,"6/10/2016",0,0,2,0,2,1,5,"6/10/2016"
"526","PH - Rapid Re-Housing (HUD)",842977,427685,3926700,"6/10/2016",0,0,1,0,2,2,5,"6/10/2016"
"527","PH - Rapid Re-Housing (HUD)",752538,388816,4115594,"7/28/2016",0,2,2,2,0,1,7,"7/28/2016"
"528","PH - Rapid Re-Housing (HUD)",836674,431950,3971744,"6/24/2016",1,2,1,0,0,1,5,"6/24/2016"
"529","PH - Rapid Re-Housing (HUD)",842998,431652,3960801,"6/21/2016",1,1,4,2,0,1,9,"6/21/2016"
"530","PH - Rapid Re-Housing (HUD)",802101,380925,4099529,"7/26/2016",2,2,2,1,2,1,10,"7/26/2016"
"531","PH - Rapid Re-Housing (HUD)",802843,395748,4074250,"7/19/2016",2,2,3,2,3,1,13,"7/19/2016"
"532","PH - Rapid Re-Housing (HUD)",805553,422212,4074255,"7/19/2016",1,3,1,4,2,1,12,"7/19/2016"
"533","PH - Rapid Re-Housing (HUD)",805556,322286,3943054,"6/16/2016",1,3,2,5,1,1,13,"6/16/2016"
"534","PH - Rapid Re-Housing (HUD)",813201,305637,3921575,"6/9/2016",1,3,3,3,4,1,15,"6/9/2016"
"535","PH - Rapid Re-Housing (HUD)",813204,433526,4076825,"7/20/2016",2,2,3,5,3,1,16,"7/20/2016"
"536","PH - Rapid Re-Housing (HUD)",813206,433738,4075529,"7/20/2016",1,1,2,4,1,1,10,"7/20/2016"
"537","PH - Rapid Re-Housing (HUD)",813222,431199,3940779,"6/15/2016",1,1,1,1,1,1,6,"6/15/2016"
"538","PH - Rapid Re-Housing (HUD)",814291,432856,4018006,"7/8/2016",1,0,2,2,1,1,7,"7/8/2016"
"539","PH - Rapid Re-Housing (HUD)",814323,428329,3922541,"6/3/2016",0,0,2,1,3,1,7,"6/9/2016"
"540","PH - Rapid Re-Housing (HUD)",814323,428329,3936377,"6/3/2016",0,1,1,1,3,1,7,"6/14/2016"
"541","PH - Rapid Re-Housing (HUD)",814706,432684,4009069,"7/6/2016",1,0,1,0,0,1,3,"7/6/2016"
"542","PH - Rapid Re-Housing (HUD)",816627,432724,4011506,"7/7/2016",0,1,0,3,1,1,6,"7/7/2016"
"543","PH - Rapid Re-Housing (HUD)",818173,426496,3940553,"5/31/2016",0,1,3,1,3,1,9,"6/15/2016"
"544","PH - Rapid Re-Housing (HUD)",825114,384273,4056347,"7/15/2016",1,0,1,1,1,1,5,"7/15/2016"
"545","PH - Rapid Re-Housing (HUD)",826233,410792,3923154,"6/10/2016",2,0,0,0,1,0,3,"6/10/2016"
"546","PH - Rapid Re-Housing (HUD)",886647,214515,4212569,"8/19/2016",1,0,1,2,0,1,5,"8/19/2016"
"547","PH - Rapid Re-Housing (HUD)",966988,434511,4121252,"7/29/2016",1,0,2,0,0,1,4,"7/29/2016"
"548","PH - Rapid Re-Housing (HUD)",820373,361109,4475481,"10/26/2016",1,2,1,2,0,1,7,"10/26/2016"
"549","PH - Rapid Re-Housing (HUD)",826633,427489,4448400,"10/20/2016",1,2,1,1,1,1,7,"10/20/2016"
"550","PH - Rapid Re-Housing (HUD)",826664,439497,4364476,"9/28/2016",2,3,4,2,3,1,15,"9/28/2016"
"551","Emergency Shelter (HUD)",733839,418089,3944005,"2/23/2016",0,0,3,1,3,1,8,"6/16/2016"
"552","Emergency Shelter (HUD)",789094,357033,3995546,"7/1/2016",1,0,1,1,2,1,6,"7/1/2016"
"553","Emergency Shelter (HUD)",792231,429548,4554055,"11/14/2016",1,1,0,2,0,1,5,"11/14/2016"
"554","Emergency Shelter (HUD)",825082,430648,3919921,"6/9/2016",1,1,1,0,2,1,6,"6/9/2016"
"555","Emergency Shelter (HUD)",825086,430647,3917727,"6/8/2016",1,2,1,2,1,1,8,"6/8/2016"
"556","Emergency Shelter (HUD)",825090,432756,4179084,"8/12/2016",1,1,2,1,1,0,6,"8/12/2016"
"557","Emergency Shelter (HUD)",839122,444999,4610562,"11/30/2016",1,0,1,3,2,1,8,"11/30/2016"
"558","PH - Permanent Supportive Housing (disability required for entry) (HUD)",807822,310617,3944882,"2/10/2016",1,0,2,1,3,1,8,"6/16/2016"
"559","PH - Permanent Supportive Housing (disability required for entry) (HUD)",831028,332520,3918593,"6/8/2016",1,3,2,4,2,1,13,"6/8/2016"
"560","PH - Rapid Re-Housing (HUD)",806524,430828,3926640,"6/10/2016",2,0,1,3,1,0,7,"6/10/2016"
"561","PH - Rapid Re-Housing (HUD)",849485,348171,4259471,"8/30/2016",1,1,2,0,2,1,7,"8/30/2016"
"562","PH - Rapid Re-Housing (HUD)",849490,381378,4569337,"11/17/2016",1,0,2,0,1,1,5,"11/17/2016"
"563","Emergency Shelter (HUD)",831392,428549,3992881,"6/30/2016",0,1,1,2,2,0,6,"6/30/2016"
"564","Emergency Shelter (HUD)",831392,428549,4240009,"8/25/2016",1,1,1,0,2,0,5,"8/25/2016"
"565","Emergency Shelter (HUD)",831640,428549,3992881,"6/30/2016",0,1,1,2,2,0,6,"6/30/2016"
"566","Emergency Shelter (HUD)",831640,428549,4240009,"8/25/2016",1,1,1,0,2,0,5,"8/25/2016"
"567","Emergency Shelter (HUD)",831689,445168,4619626,"12/2/2016",1,0,2,0,0,1,4,"12/2/2016"
"568","Emergency Shelter (HUD)",831813,428549,3992881,"6/30/2016",0,1,1,2,2,0,6,"6/30/2016"
"569","Emergency Shelter (HUD)",831813,428549,4240009,"8/25/2016",1,1,1,0,2,0,5,"8/25/2016"
"570","Emergency Shelter (HUD)",831826,445168,4619626,"12/2/2016",1,0,2,0,0,1,4,"12/2/2016"
"571","Emergency Shelter (HUD)",833158,395748,4074250,"7/19/2016",2,2,3,2,3,1,13,"7/19/2016"
"572","Emergency Shelter (HUD)",833160,428549,3992881,"6/30/2016",0,1,1,2,2,0,6,"6/30/2016"
"573","Emergency Shelter (HUD)",833160,428549,4240009,"8/25/2016",1,1,1,0,2,0,5,"8/25/2016"
"574","Emergency Shelter (HUD)",833171,305002,4192253,"8/16/2016",1,3,3,4,3,1,15,"8/16/2016"
"575","Emergency Shelter (HUD)",833600,395748,4074250,"7/19/2016",2,2,3,2,3,1,13,"7/19/2016"
"576","Emergency Shelter (HUD)",833604,428549,3992881,"6/30/2016",0,1,1,2,2,0,6,"6/30/2016"
"577","Emergency Shelter (HUD)",833604,428549,4240009,"8/25/2016",1,1,1,0,2,0,5,"8/25/2016"
"578","Emergency Shelter (HUD)",833610,305002,4192253,"8/16/2016",1,3,3,4,3,1,15,"8/16/2016"
"579","Emergency Shelter (HUD)",833969,395748,4074250,"7/19/2016",2,2,3,2,3,1,13,"7/19/2016"
"580","Emergency Shelter (HUD)",833984,305002,4192253,"8/16/2016",1,3,3,4,3,1,15,"8/16/2016"
"581","Emergency Shelter (HUD)",833990,428549,3992881,"6/30/2016",0,1,1,2,2,0,6,"6/30/2016"
"582","Emergency Shelter (HUD)",833990,428549,4240009,"8/25/2016",1,1,1,0,2,0,5,"8/25/2016"
"583","Emergency Shelter (HUD)",834353,428549,3992881,"6/30/2016",0,1,1,2,2,0,6,"6/30/2016"
"584","Emergency Shelter (HUD)",834353,428549,4240009,"8/25/2016",1,1,1,0,2,0,5,"8/25/2016"
"585","Emergency Shelter (HUD)",834355,310617,3944882,"2/10/2016",1,0,2,1,3,1,8,"6/16/2016"
"586","Emergency Shelter (HUD)",834363,395748,4074250,"7/19/2016",2,2,3,2,3,1,13,"7/19/2016"
"587","Emergency Shelter (HUD)",834367,355026,4378120,"10/3/2016",1,4,4,6,3,1,19,"10/3/2016"
"588","Emergency Shelter (HUD)",834369,305002,4192253,"8/16/2016",1,3,3,4,3,1,15,"8/16/2016"
"589","Emergency Shelter (HUD)",834377,445640,4642513,"12/9/2016",1,0,3,1,1,1,7,"12/9/2016"
"590","Emergency Shelter (HUD)",834387,411730,4352959,"9/26/2016",2,4,4,6,2,1,19,"9/26/2016"
"591","Emergency Shelter (HUD)",834576,355026,4378120,"10/3/2016",1,4,4,6,3,1,19,"10/3/2016"
"592","Emergency Shelter (HUD)",834579,310617,3944882,"2/10/2016",1,0,2,1,3,1,8,"6/16/2016"
"593","Emergency Shelter (HUD)",834583,395748,4074250,"7/19/2016",2,2,3,2,3,1,13,"7/19/2016"
"594","Emergency Shelter (HUD)",834592,305002,4192253,"8/16/2016",1,3,3,4,3,1,15,"8/16/2016"
"595","Emergency Shelter (HUD)",834596,428549,3992881,"6/30/2016",0,1,1,2,2,0,6,"6/30/2016"
"596","Emergency Shelter (HUD)",834596,428549,4240009,"8/25/2016",1,1,1,0,2,0,5,"8/25/2016"
"597","Emergency Shelter (HUD)",834609,411730,4352959,"9/26/2016",2,4,4,6,2,1,19,"9/26/2016"
"598","Emergency Shelter (HUD)",834827,428549,3992881,"6/30/2016",0,1,1,2,2,0,6,"6/30/2016"
"599","Emergency Shelter (HUD)",834827,428549,4240009,"8/25/2016",1,1,1,0,2,0,5,"8/25/2016"
"600","Emergency Shelter (HUD)",834830,305002,4192253,"8/16/2016",1,3,3,4,3,1,15,"8/16/2016"
"601","Emergency Shelter (HUD)",834836,408508,3981677,"6/28/2016",2,4,4,6,3,0,19,"6/28/2016"
"602","Emergency Shelter (HUD)",835208,395748,4074250,"7/19/2016",2,2,3,2,3,1,13,"7/19/2016"
"603","Emergency Shelter (HUD)",835284,328067,4044281,"7/13/2016",1,1,1,4,0,0,7,"7/13/2016"
"604","Emergency Shelter (HUD)",835289,305002,4192253,"8/16/2016",1,3,3,4,3,1,15,"8/16/2016"
"605","Emergency Shelter (HUD)",835291,310617,3944882,"2/10/2016",1,0,2,1,3,1,8,"6/16/2016"
"606","Emergency Shelter (HUD)",835303,428549,3992881,"6/30/2016",0,1,1,2,2,0,6,"6/30/2016"
"607","Emergency Shelter (HUD)",835303,428549,4240009,"8/25/2016",1,1,1,0,2,0,5,"8/25/2016"
"608","Emergency Shelter (HUD)",835522,425822,4645755,"12/12/2016",1,1,4,2,1,1,10,"12/12/2016"
"609","Emergency Shelter (HUD)",835523,395748,4074250,"7/19/2016",2,2,3,2,3,1,13,"7/19/2016"
"610","Emergency Shelter (HUD)",835527,305002,4192253,"8/16/2016",1,3,3,4,3,1,15,"8/16/2016"
"611","Emergency Shelter (HUD)",835543,428549,3992881,"6/30/2016",0,1,1,2,2,0,6,"6/30/2016"
"612","Emergency Shelter (HUD)",835543,428549,4240009,"8/25/2016",1,1,1,0,2,0,5,"8/25/2016"
"613","Emergency Shelter (HUD)",835993,395748,4074250,"7/19/2016",2,2,3,2,3,1,13,"7/19/2016"
"614","Emergency Shelter (HUD)",835994,425822,4645755,"12/12/2016",1,1,4,2,1,1,10,"12/12/2016"
"615","Emergency Shelter (HUD)",835998,310617,3944882,"2/10/2016",1,0,2,1,3,1,8,"6/16/2016"
"616","Emergency Shelter (HUD)",836005,428549,3992881,"6/30/2016",0,1,1,2,2,0,6,"6/30/2016"
"617","Emergency Shelter (HUD)",836005,428549,4240009,"8/25/2016",1,1,1,0,2,0,5,"8/25/2016"
"618","Emergency Shelter (HUD)",836013,305002,4192253,"8/16/2016",1,3,3,4,3,1,15,"8/16/2016"
"619","Emergency Shelter (HUD)",836337,425822,4645755,"12/12/2016",1,1,4,2,1,1,10,"12/12/2016"
"620","Emergency Shelter (HUD)",836339,395748,4074250,"7/19/2016",2,2,3,2,3,1,13,"7/19/2016"
"621","Emergency Shelter (HUD)",836348,328067,4044281,"7/13/2016",1,1,1,4,0,0,7,"7/13/2016"
"622","Emergency Shelter (HUD)",836365,428549,3992881,"6/30/2016",0,1,1,2,2,0,6,"6/30/2016"
"623","Emergency Shelter (HUD)",836365,428549,4240009,"8/25/2016",1,1,1,0,2,0,5,"8/25/2016"
"624","Emergency Shelter (HUD)",836368,310617,3944882,"2/10/2016",1,0,2,1,3,1,8,"6/16/2016"
"625","Emergency Shelter (HUD)",836374,305002,4192253,"8/16/2016",1,3,3,4,3,1,15,"8/16/2016"
"626","Emergency Shelter (HUD)",836853,425822,4645755,"12/12/2016",1,1,4,2,1,1,10,"12/12/2016"
"627","Emergency Shelter (HUD)",836854,411692,4662228,"12/16/2016",1,0,3,1,2,1,8,"12/16/2016"
"628","Emergency Shelter (HUD)",836857,395748,4074250,"7/19/2016",2,2,3,2,3,1,13,"7/19/2016"
"629","Emergency Shelter (HUD)",836866,305002,4192253,"8/16/2016",1,3,3,4,3,1,15,"8/16/2016"
"630","Emergency Shelter (HUD)",836876,428549,3992881,"6/30/2016",0,1,1,2,2,0,6,"6/30/2016"
"631","Emergency Shelter (HUD)",836876,428549,4240009,"8/25/2016",1,1,1,0,2,0,5,"8/25/2016"
"632","Emergency Shelter (HUD)",836971,411730,4352959,"9/26/2016",2,4,4,6,2,1,19,"9/26/2016"
"633","Emergency Shelter (HUD)",836972,355026,4378120,"10/3/2016",1,4,4,6,3,1,19,"10/3/2016"
"634","Emergency Shelter (HUD)",837050,411692,4662228,"12/16/2016",1,0,3,1,2,1,8,"12/16/2016"
"635","Emergency Shelter (HUD)",837051,395748,4074250,"7/19/2016",2,2,3,2,3,1,13,"7/19/2016"
"636","Emergency Shelter (HUD)",837062,310617,3944882,"2/10/2016",1,0,2,1,3,1,8,"6/16/2016"
"637","Emergency Shelter (HUD)",837066,305002,4192253,"8/16/2016",1,3,3,4,3,1,15,"8/16/2016"
"638","Emergency Shelter (HUD)",837070,428549,3992881,"6/30/2016",0,1,1,2,2,0,6,"6/30/2016"
"639","Emergency Shelter (HUD)",837070,428549,4240009,"8/25/2016",1,1,1,0,2,0,5,"8/25/2016"
"640","Emergency Shelter (HUD)",837086,411730,4352959,"9/26/2016",2,4,4,6,2,1,19,"9/26/2016"
"641","Emergency Shelter (HUD)",837093,355026,4378120,"10/3/2016",1,4,4,6,3,1,19,"10/3/2016"
"642","Emergency Shelter (HUD)",837263,395748,4074250,"7/19/2016",2,2,3,2,3,1,13,"7/19/2016"
"643","Emergency Shelter (HUD)",837280,428549,3992881,"6/30/2016",0,1,1,2,2,0,6,"6/30/2016"
"644","Emergency Shelter (HUD)",837280,428549,4240009,"8/25/2016",1,1,1,0,2,0,5,"8/25/2016"
"645","Emergency Shelter (HUD)",837286,305002,4192253,"8/16/2016",1,3,3,4,3,1,15,"8/16/2016"
"646","Emergency Shelter (HUD)",837598,395748,4074250,"7/19/2016",2,2,3,2,3,1,13,"7/19/2016"
"647","Emergency Shelter (HUD)",837600,411692,4662228,"12/16/2016",1,0,3,1,2,1,8,"12/16/2016"
"648","Emergency Shelter (HUD)",837604,434234,4667514,"12/19/2016",2,2,4,6,1,0,15,"12/19/2016"
"649","Emergency Shelter (HUD)",837617,408508,3981677,"6/28/2016",2,4,4,6,3,0,19,"6/28/2016"
"650","Emergency Shelter (HUD)",837619,428549,3992881,"6/30/2016",0,1,1,2,2,0,6,"6/30/2016"
"651","Emergency Shelter (HUD)",837619,428549,4240009,"8/25/2016",1,1,1,0,2,0,5,"8/25/2016"
"652","Emergency Shelter (HUD)",837621,305002,4192253,"8/16/2016",1,3,3,4,3,1,15,"8/16/2016"
"653","Emergency Shelter (HUD)",837977,310617,3944882,"2/10/2016",1,0,2,1,3,1,8,"6/16/2016"
"654","Emergency Shelter (HUD)",837988,428549,3992881,"6/30/2016",0,1,1,2,2,0,6,"6/30/2016"
"655","Emergency Shelter (HUD)",837988,428549,4240009,"8/25/2016",1,1,1,0,2,0,5,"8/25/2016"
"656","Emergency Shelter (HUD)",838012,305002,4192253,"8/16/2016",1,3,3,4,3,1,15,"8/16/2016"
"657","Emergency Shelter (HUD)",838460,395748,4074250,"7/19/2016",2,2,3,2,3,1,13,"7/19/2016"
"658","Emergency Shelter (HUD)",838472,428549,3992881,"6/30/2016",0,1,1,2,2,0,6,"6/30/2016"
"659","Emergency Shelter (HUD)",838472,428549,4240009,"8/25/2016",1,1,1,0,2,0,5,"8/25/2016"
"660","Emergency Shelter (HUD)",838473,305002,4192253,"8/16/2016",1,3,3,4,3,1,15,"8/16/2016"
"661","Emergency Shelter (HUD)",838476,310617,3944882,"2/10/2016",1,0,2,1,3,1,8,"6/16/2016"
"662","Emergency Shelter (HUD)",838487,411692,4662228,"12/16/2016",1,0,3,1,2,1,8,"12/16/2016"
"663","Emergency Shelter (HUD)",838786,395748,4074250,"7/19/2016",2,2,3,2,3,1,13,"7/19/2016"
"664","Emergency Shelter (HUD)",838870,411692,4662228,"12/16/2016",1,0,3,1,2,1,8,"12/16/2016"
"665","Emergency Shelter (HUD)",839197,395748,4074250,"7/19/2016",2,2,3,2,3,1,13,"7/19/2016"
"666","Emergency Shelter (HUD)",839202,310617,3944882,"2/10/2016",1,0,2,1,3,1,8,"6/16/2016"
"667","Emergency Shelter (HUD)",839203,411692,4662228,"12/16/2016",1,0,3,1,2,1,8,"12/16/2016"
"668","Emergency Shelter (HUD)",839207,305002,4192253,"8/16/2016",1,3,3,4,3,1,15,"8/16/2016"
"669","Emergency Shelter (HUD)",839214,428549,3992881,"6/30/2016",0,1,1,2,2,0,6,"6/30/2016"
"670","Emergency Shelter (HUD)",839214,428549,4240009,"8/25/2016",1,1,1,0,2,0,5,"8/25/2016"
"671","Emergency Shelter (HUD)",839369,411692,4662228,"12/16/2016",1,0,3,1,2,1,8,"12/16/2016"
"672","Emergency Shelter (HUD)",839416,428549,3992881,"6/30/2016",0,1,1,2,2,0,6,"6/30/2016"
"673","Emergency Shelter (HUD)",839416,428549,4240009,"8/25/2016",1,1,1,0,2,0,5,"8/25/2016"
"674","Emergency Shelter (HUD)",839554,310617,3944882,"2/10/2016",1,0,2,1,3,1,8,"6/16/2016"
"675","Emergency Shelter (HUD)",839568,428549,3992881,"6/30/2016",0,1,1,2,2,0,6,"6/30/2016"
"676","Emergency Shelter (HUD)",839568,428549,4240009,"8/25/2016",1,1,1,0,2,0,5,"8/25/2016"
"677","Emergency Shelter (HUD)",839569,411692,4662228,"12/16/2016",1,0,3,1,2,1,8,"12/16/2016"
"678","Emergency Shelter (HUD)",839747,310617,3944882,"2/10/2016",1,0,2,1,3,1,8,"6/16/2016"
"679","Emergency Shelter (HUD)",839763,411692,4662228,"12/16/2016",1,0,3,1,2,1,8,"12/16/2016"
"680","Emergency Shelter (HUD)",839765,428549,3992881,"6/30/2016",0,1,1,2,2,0,6,"6/30/2016"
"681","Emergency Shelter (HUD)",839765,428549,4240009,"8/25/2016",1,1,1,0,2,0,5,"8/25/2016"
"682","Emergency Shelter (HUD)",839766,355026,4378120,"10/3/2016",1,4,4,6,3,1,19,"10/3/2016"
"683","Emergency Shelter (HUD)",840004,395748,4074250,"7/19/2016",2,2,3,2,3,1,13,"7/19/2016"
"684","Emergency Shelter (HUD)",840045,411692,4662228,"12/16/2016",1,0,3,1,2,1,8,"12/16/2016"
"685","Emergency Shelter (HUD)",840046,428549,3992881,"6/30/2016",0,1,1,2,2,0,6,"6/30/2016"
"686","Emergency Shelter (HUD)",840046,428549,4240009,"8/25/2016",1,1,1,0,2,0,5,"8/25/2016"
"687","Emergency Shelter (HUD)",840364,395748,4074250,"7/19/2016",2,2,3,2,3,1,13,"7/19/2016"
"688","Emergency Shelter (HUD)",840367,411692,4662228,"12/16/2016",1,0,3,1,2,1,8,"12/16/2016"
"689","Emergency Shelter (HUD)",840371,428549,3992881,"6/30/2016",0,1,1,2,2,0,6,"6/30/2016"
"690","Emergency Shelter (HUD)",840371,428549,4240009,"8/25/2016",1,1,1,0,2,0,5,"8/25/2016"
"691","Emergency Shelter (HUD)",840372,310617,3944882,"2/10/2016",1,0,2,1,3,1,8,"6/16/2016"
"692","Emergency Shelter (HUD)",840388,305002,4192253,"8/16/2016",1,3,3,4,3,1,15,"8/16/2016"
"693","Emergency Shelter (HUD)",840660,305002,4192253,"8/16/2016",1,3,3,4,3,1,15,"8/16/2016"
"694","Emergency Shelter (HUD)",840664,395748,4074250,"7/19/2016",2,2,3,2,3,1,13,"7/19/2016"
"695","Emergency Shelter (HUD)",840681,392534,4003144,"7/5/2016",2,0,1,2,2,1,8,"7/5/2016"
"696","Emergency Shelter (HUD)",840682,428549,3992881,"6/30/2016",0,1,1,2,2,0,6,"6/30/2016"
"697","Emergency Shelter (HUD)",840682,428549,4240009,"8/25/2016",1,1,1,0,2,0,5,"8/25/2016"
"698","Emergency Shelter (HUD)",840684,411692,4662228,"12/16/2016",1,0,3,1,2,1,8,"12/16/2016"
"699","Emergency Shelter (HUD)",841073,443950,4575590,"11/18/2016",0,3,2,2,1,0,8,"11/18/2016"
"700","Emergency Shelter (HUD)",841079,411692,4662228,"12/16/2016",1,0,3,1,2,1,8,"12/16/2016"
"701","Emergency Shelter (HUD)",841080,395748,4074250,"7/19/2016",2,2,3,2,3,1,13,"7/19/2016"
"702","Emergency Shelter (HUD)",841102,392534,4003144,"7/5/2016",2,0,1,2,2,1,8,"7/5/2016"
"703","Emergency Shelter (HUD)",841106,428549,3992881,"6/30/2016",0,1,1,2,2,0,6,"6/30/2016"
"704","Emergency Shelter (HUD)",841106,428549,4240009,"8/25/2016",1,1,1,0,2,0,5,"8/25/2016"
"705","Emergency Shelter (HUD)",841277,425822,4645755,"12/12/2016",1,1,4,2,1,1,10,"12/12/2016"
"706","Emergency Shelter (HUD)",841278,395748,4074250,"7/19/2016",2,2,3,2,3,1,13,"7/19/2016"
"707","Emergency Shelter (HUD)",841283,305002,4192253,"8/16/2016",1,3,3,4,3,1,15,"8/16/2016"
"708","Emergency Shelter (HUD)",841295,443950,4575590,"11/18/2016",0,3,2,2,1,0,8,"11/18/2016"
"709","Emergency Shelter (HUD)",841301,310617,3944882,"2/10/2016",1,0,2,1,3,1,8,"6/16/2016"
"710","Emergency Shelter (HUD)",795956,395339,4075573,"7/20/2016",2,1,2,2,2,1,10,"7/20/2016"
"711","Emergency Shelter (HUD)",804089,388270,4042125,"7/13/2016",1,4,1,2,3,1,12,"7/13/2016"
"712","Emergency Shelter (HUD)",809158,419540,3926078,"6/4/2016",0,0,4,2,3,0,9,"6/10/2016"
"713","Emergency Shelter (HUD)",811189,436345,4215939,"8/19/2016",2,0,2,0,0,1,5,"8/19/2016"
"714","Emergency Shelter (HUD)",812961,433793,4078452,"7/20/2016",2,3,2,2,2,1,12,"7/20/2016"
"715","Emergency Shelter (HUD)",821497,433785,4078105,"7/20/2016",0,0,2,1,0,1,4,"7/20/2016"
"716","Emergency Shelter (HUD)",824076,349130,4371197,"9/29/2016",1,0,3,1,2,1,8,"9/29/2016"
"717","Emergency Shelter (HUD)",828057,282585,4495358,"10/31/2016",0,0,2,1,0,1,4,"10/31/2016"
"718","Emergency Shelter (HUD)",835105,441090,4424034,"10/13/2016",0,1,2,0,1,1,5,"10/13/2016"
"719","Services Only (HUD)",777996,426592,3926821,"6/10/2016",0,0,1,1,2,1,5,"6/10/2016"
"720","Services Only (HUD)",789784,419540,3926078,"6/4/2016",0,0,4,2,3,0,9,"6/10/2016"
"721","Services Only (HUD)",793119,375417,3969883,"6/24/2016",1,0,1,1,3,1,7,"6/24/2016"
"722","Services Only (HUD)",793119,375417,4008709,"7/6/2016",2,2,2,5,2,1,14,"7/6/2016"
"723","Services Only (HUD)",795947,395339,4075573,"7/20/2016",2,1,2,2,2,1,10,"7/20/2016"
"724","Services Only (HUD)",796669,427917,3926296,"5/31/2016",0,1,1,1,1,1,5,"6/10/2016"
"725","Services Only (HUD)",798702,432998,4026256,"7/11/2016",2,1,2,2,2,1,10,"7/11/2016"
"726","Services Only (HUD)",799526,431501,3954834,"6/20/2016",1,0,0,1,2,1,5,"6/20/2016"
"727","Services Only (HUD)",800553,433546,4064524,"7/18/2016",1,0,1,1,0,1,4,"7/18/2016"
"728","Services Only (HUD)",801104,434524,4122098,"7/29/2016",1,0,1,1,1,1,5,"7/29/2016"
"729","Services Only (HUD)",802175,210526,4080070,"7/21/2016",1,2,1,4,2,1,11,"7/21/2016"
"730","Services Only (HUD)",802434,382146,4110464,"7/28/2016",2,0,1,2,1,1,7,"7/28/2016"
"731","Services Only (HUD)",803857,436213,4205771,"8/18/2016",1,2,2,2,2,1,10,"8/18/2016"
"732","Services Only (HUD)",804087,388270,4042125,"7/13/2016",1,4,1,2,3,1,12,"7/13/2016"
"733","Services Only (HUD)",804206,338215,4077541,"7/20/2016",0,2,3,2,2,1,10,"7/20/2016"
"734","Services Only (HUD)",805218,434974,4140728,"8/3/2016",1,0,2,1,3,0,7,"8/3/2016"
"735","Services Only (HUD)",806220,408618,4225670,"8/22/2016",1,0,2,4,0,1,8,"8/22/2016"
"736","Services Only (HUD)",806296,308532,4018860,"7/8/2016",2,0,2,0,1,0,5,"7/8/2016"
"737","Services Only (HUD)",807155,431646,3960518,"6/21/2016",0,0,1,1,1,1,4,"6/21/2016"
"738","Services Only (HUD)",810095,422595,4257974,"8/30/2016",1,1,1,1,0,1,5,"8/30/2016"
"739","Services Only (HUD)",810597,433793,4078452,"7/20/2016",2,3,2,2,2,1,12,"7/20/2016"
"740","Services Only (HUD)",810828,388723,4288906,"9/8/2016",2,0,0,1,1,1,5,"9/8/2016"
"741","Services Only (HUD)",810986,436345,4215939,"8/19/2016",2,0,2,0,0,1,5,"8/19/2016"
"742","Services Only (HUD)",811394,434628,4128171,"8/1/2016",2,3,1,2,1,1,10,"8/1/2016"
"743","Services Only (HUD)",812156,437218,4262737,"8/31/2016",1,1,2,0,0,1,5,"8/31/2016"
"744","Services Only (HUD)",814040,434316,4106486,"7/27/2016",1,0,3,2,3,1,10,"7/27/2016"
"745","Services Only (HUD)",814664,434554,4124039,"7/29/2016",1,0,0,1,1,1,4,"7/29/2016"
"746","Services Only (HUD)",816621,439767,4379760,"10/3/2016",2,0,1,0,1,0,4,"10/3/2016"
"747","Services Only (HUD)",826976,282585,4495358,"10/31/2016",0,0,2,1,0,1,4,"10/31/2016"
"748","Services Only (HUD)",833836,441090,4424034,"10/13/2016",0,1,2,0,1,1,5,"10/13/2016"
"749","Services Only (HUD)",836738,441615,4443736,"10/19/2016",0,1,2,1,1,1,6,"10/19/2016"
"750","Emergency Shelter (HUD)",789786,419540,3926078,"6/4/2016",0,0,4,2,3,0,9,"6/10/2016"
"751","Emergency Shelter (HUD)",792732,426592,3926821,"6/10/2016",0,0,1,1,2,1,5,"6/10/2016"
"752","Emergency Shelter (HUD)",793122,375417,3969883,"6/24/2016",1,0,1,1,3,1,7,"6/24/2016"
"753","Emergency Shelter (HUD)",793122,375417,4008709,"7/6/2016",2,2,2,5,2,1,14,"7/6/2016"
"754","Emergency Shelter (HUD)",796684,427917,3926296,"5/31/2016",0,1,1,1,1,1,5,"6/10/2016"
"755","Emergency Shelter (HUD)",800562,433546,4064524,"7/18/2016",1,0,1,1,0,1,4,"7/18/2016"
"756","Emergency Shelter (HUD)",801452,431501,3954834,"6/20/2016",1,0,0,1,2,1,5,"6/20/2016"
"757","Emergency Shelter (HUD)",801464,435013,4142584,"8/4/2016",2,0,2,0,0,1,5,"8/4/2016"
"758","Emergency Shelter (HUD)",801761,428532,3940235,"5/31/2016",0,1,1,0,3,1,6,"6/15/2016"
"759","Emergency Shelter (HUD)",802429,382146,4110464,"7/28/2016",2,0,1,2,1,1,7,"7/28/2016"
"760","Emergency Shelter (HUD)",805303,338215,4077541,"7/20/2016",0,2,3,2,2,1,10,"7/20/2016"
"761","Emergency Shelter (HUD)",806223,408618,4225670,"8/22/2016",1,0,2,4,0,1,8,"8/22/2016"
"762","Emergency Shelter (HUD)",811165,308532,4018860,"7/8/2016",2,0,2,0,1,0,5,"7/8/2016"
"763","Emergency Shelter (HUD)",811183,434524,4122098,"7/29/2016",1,0,1,1,1,1,5,"7/29/2016"
"764","Emergency Shelter (HUD)",816623,439767,4379760,"10/3/2016",2,0,1,0,1,0,4,"10/3/2016"
"765","Emergency Shelter (HUD)",817003,437030,4253649,"8/29/2016",1,1,1,0,1,1,5,"8/29/2016"
"766","Emergency Shelter (HUD)",822744,388723,4288906,"9/8/2016",2,0,0,1,1,1,5,"9/8/2016"
"767","Emergency Shelter (HUD)",823994,433793,4078452,"7/20/2016",2,3,2,2,2,1,12,"7/20/2016"
"768","Emergency Shelter (HUD)",826274,440491,4401692,"10/7/2016",1,0,1,0,1,1,4,"10/7/2016"
"769","Emergency Shelter (HUD)",829736,377681,4569235,"11/17/2016",1,0,2,1,1,1,6,"11/17/2016"
"770","Emergency Shelter (HUD)",833904,445168,4619626,"12/2/2016",1,0,2,0,0,1,4,"12/2/2016"
"771","Emergency Shelter (HUD)",835184,337450,4623957,"12/5/2016",0,0,2,1,2,1,6,"12/5/2016"
"772","Emergency Shelter (HUD)",837548,441615,4443736,"10/19/2016",0,1,2,1,1,1,6,"10/19/2016"
"773","Emergency Shelter (HUD)",837900,443244,4519322,"11/4/2016",1,1,2,0,0,1,5,"11/4/2016"
"774","Emergency Shelter (HUD)",837909,409192,4476008,"10/26/2016",1,0,1,1,1,1,5,"10/26/2016"
"775","Emergency Shelter (HUD)",838358,434554,4124039,"7/29/2016",1,0,0,1,1,1,4,"7/29/2016"
"776","Emergency Shelter (HUD)",839980,443656,4540445,"11/9/2016",0,0,2,1,3,1,7,"11/9/2016"
"777","Emergency Shelter (HUD)",864688,426293,4225287,"8/22/2016",1,1,2,3,0,0,7,"8/22/2016"
"778","Emergency Shelter (HUD)",798713,432998,4026256,"7/11/2016",2,1,2,2,2,1,10,"7/11/2016"
"779","Emergency Shelter (HUD)",801440,430990,3935044,"6/14/2016",2,0,2,0,1,1,6,"6/14/2016"
"780","Emergency Shelter (HUD)",802182,210526,4080070,"7/21/2016",1,2,1,4,2,1,11,"7/21/2016"
"781","Emergency Shelter (HUD)",807164,431646,3960518,"6/21/2016",0,0,1,1,1,1,4,"6/21/2016"
"782","Emergency Shelter (HUD)",810101,422595,4257974,"8/30/2016",1,1,1,1,0,1,5,"8/30/2016"
"783","Emergency Shelter (HUD)",811405,434628,4128171,"8/1/2016",2,3,1,2,1,1,10,"8/1/2016"
"784","Emergency Shelter (HUD)",812158,437218,4262737,"8/31/2016",1,1,2,0,0,1,5,"8/31/2016"
"785","Emergency Shelter (HUD)",814388,434316,4106486,"7/27/2016",1,0,3,2,3,1,10,"7/27/2016"
"786","Transitional housing (HUD)",853504,434316,4106486,"7/27/2016",1,0,3,2,3,1,10,"7/27/2016"
"787","Transitional housing (HUD)",853517,433785,4078105,"7/20/2016",0,0,2,1,0,1,4,"7/20/2016"
"788","Transitional housing (HUD)",853522,441090,4424034,"10/13/2016",0,1,2,0,1,1,5,"10/13/2016"
"789","Transitional housing (HUD)",853525,282585,4495358,"10/31/2016",0,0,2,1,0,1,4,"10/31/2016"
"790","Transitional housing (HUD)",853533,377681,4569235,"11/17/2016",1,0,2,1,1,1,6,"11/17/2016"
"791","Transitional housing (HUD)",853538,445168,4619626,"12/2/2016",1,0,2,0,0,1,4,"12/2/2016"
"792","Transitional housing (HUD)",853542,337450,4623957,"12/5/2016",0,0,2,1,2,1,6,"12/5/2016"
"793","Transitional housing (HUD)",853546,441615,4443736,"10/19/2016",0,1,2,1,1,1,6,"10/19/2016"
"794","Transitional housing (HUD)",853549,409192,4476008,"10/26/2016",1,0,1,1,1,1,5,"10/26/2016"
"795","Transitional housing (HUD)",853553,443656,4540445,"11/9/2016",0,0,2,1,3,1,7,"11/9/2016"
"796","Transitional housing (HUD)",864690,426293,4225287,"8/22/2016",1,1,2,3,0,0,7,"8/22/2016"
"797","PH - Rapid Re-Housing (HUD)",863987,428532,3940235,"5/31/2016",0,1,1,0,3,1,6,"6/15/2016"
"798","PH - Rapid Re-Housing (HUD)",864042,434524,4122098,"7/29/2016",1,0,1,1,1,1,5,"7/29/2016"
"799","PH - Rapid Re-Housing (HUD)",864051,431646,3960518,"6/21/2016",0,0,1,1,1,1,4,"6/21/2016"
"800","PH - Rapid Re-Housing (HUD)",864063,395339,4075573,"7/20/2016",2,1,2,2,2,1,10,"7/20/2016"
"801","PH - Rapid Re-Housing (HUD)",864085,437218,4262737,"8/31/2016",1,1,2,0,0,1,5,"8/31/2016"
"802","PH - Rapid Re-Housing (HUD)",864090,434628,4128171,"8/1/2016",2,3,1,2,1,1,10,"8/1/2016"
"803","PH - Rapid Re-Housing (HUD)",864106,431501,3954834,"6/20/2016",1,0,0,1,2,1,5,"6/20/2016"
"804","PH - Rapid Re-Housing (HUD)",864130,436345,4215939,"8/19/2016",2,0,2,0,0,1,5,"8/19/2016"
"805","PH - Rapid Re-Housing (HUD)",864239,422595,4257974,"8/30/2016",1,1,1,1,0,1,5,"8/30/2016"
"806","PH - Rapid Re-Housing (HUD)",864250,427917,3926296,"5/31/2016",0,1,1,1,1,1,5,"6/10/2016"
"807","PH - Rapid Re-Housing (HUD)",864260,388270,4042125,"7/13/2016",1,4,1,2,3,1,12,"7/13/2016"
"808","PH - Rapid Re-Housing (HUD)",864271,426592,3926821,"6/10/2016",0,0,1,1,2,1,5,"6/10/2016"
"809","PH - Rapid Re-Housing (HUD)",864629,432998,4026256,"7/11/2016",2,1,2,2,2,1,10,"7/11/2016"
"810","PH - Rapid Re-Housing (HUD)",864672,338215,4077541,"7/20/2016",0,2,3,2,2,1,10,"7/20/2016"
"811","PH - Rapid Re-Housing (HUD)",808082,384273,4056347,"7/15/2016",1,0,1,1,1,1,5,"7/15/2016"
"812","PH - Rapid Re-Housing (HUD)",817810,427607,3917035,"6/8/2016",0,1,2,2,0,1,6,"6/8/2016"
"813","PH - Rapid Re-Housing (HUD)",819917,438522,4325238,"9/16/2016",0,1,3,1,1,0,6,"9/16/2016"
"814","PH - Rapid Re-Housing (HUD)",824721,401269,3976857,"6/27/2016",2,3,3,1,1,1,11,"6/27/2016"
"815","PH - Rapid Re-Housing (HUD)",829604,439557,4367484,"9/29/2016",0,1,1,1,2,1,6,"9/29/2016"
"816","PH - Rapid Re-Housing (HUD)",829936,441612,4443837,"10/19/2016",2,0,4,4,1,1,12,"10/19/2016"
"817","PH - Rapid Re-Housing (HUD)",833113,440081,4388084,"10/5/2016",1,2,2,3,1,1,10,"10/5/2016"
"818","PH - Rapid Re-Housing (HUD)",845353,431646,3960518,"6/21/2016",0,0,1,1,1,1,4,"6/21/2016"
"819","PH - Rapid Re-Housing (HUD)",846076,442738,4492012,"10/31/2016",1,0,2,1,2,1,7,"10/31/2016"
"820","PH - Rapid Re-Housing (HUD)",814627,331979,4316877,"9/14/2016",2,0,1,2,0,1,6,"9/14/2016"
"821","PH - Rapid Re-Housing (HUD)",815373,429182,4171570,"8/11/2016",0,3,2,6,2,1,14,"8/11/2016"
"822","PH - Rapid Re-Housing (HUD)",815855,437805,4289150,"9/8/2016",2,0,2,1,2,2,9,"9/8/2016"
"823","PH - Rapid Re-Housing (HUD)",816635,381743,4344901,"9/22/2016",2,1,1,0,1,1,6,"9/22/2016"
"824","PH - Rapid Re-Housing (HUD)",819037,411300,4386988,"10/4/2016",1,0,2,3,0,1,7,"10/4/2016"
"825","PH - Rapid Re-Housing (HUD)",819214,438825,4337026,"9/20/2016",1,0,0,0,2,0,3,"9/20/2016"
"826","PH - Rapid Re-Housing (HUD)",820288,439120,4349275,"9/23/2016",1,0,1,0,0,1,3,"9/23/2016"
"827","PH - Rapid Re-Housing (HUD)",822727,296971,4348987,"9/23/2016",1,3,3,3,2,1,13,"9/23/2016"
"828","PH - Rapid Re-Housing (HUD)",837889,441374,4434392,"10/17/2016",1,0,1,0,2,1,5,"10/17/2016"
"829","PH - Rapid Re-Housing (HUD)",851895,434824,4136369,"8/2/2016",1,0,2,1,1,1,6,"8/2/2016"
"830","Transitional housing (HUD)",551677,368150,4471247,"10/25/2016",1,3,1,3,0,1,9,"10/25/2016"
"831","Transitional housing (HUD)",792758,422938,3926822,"6/10/2016",0,1,0,0,1,1,3,"6/10/2016"
"832","Transitional housing (HUD)",792765,208708,3926820,"6/10/2016",0,1,1,1,2,1,6,"6/10/2016"
"833","Transitional housing (HUD)",792769,426053,3918595,"6/8/2016",0,1,0,0,1,0,2,"6/8/2016"
"834","Transitional housing (HUD)",816953,427724,3936331,"6/14/2016",0,0,1,0,0,1,2,"6/14/2016"
"835","Transitional housing (HUD)",817239,306836,3924853,"6/4/2016",1,2,3,3,3,0,12,"6/10/2016"
"836","Transitional housing (HUD)",817241,312839,3988995,"6/29/2016",0,0,1,1,0,1,3,"6/29/2016"
"837","Transitional housing (HUD)",825112,369606,4329400,"9/19/2016",2,1,3,4,1,1,12,"9/19/2016"
"838","Transitional housing (HUD)",831583,296127,4130267,"8/1/2016",1,0,1,3,0,1,6,"8/1/2016"
"839","Transitional housing (HUD)",831585,430519,3909986,"6/7/2016",1,0,2,3,1,0,7,"6/7/2016"
"840","Transitional housing (HUD)",832926,428763,3931678,"5/25/2016",1,1,1,2,2,1,8,"6/13/2016"
"841","Transitional housing (HUD)",836667,433568,4065050,"7/18/2016",2,0,2,1,1,1,7,"7/18/2016"
